[02-08-2022 20:37:14] PayPal\Core\PayPalHttpConnection : INFO: POST https://api.sandbox.paypal.com/v1/oauth2/token
[02-08-2022 20:37:15] PayPal\Core\PayPalHttpConnection : INFO: Response Status 	: 200
[02-08-2022 20:37:15] PayPal\Core\PayPalHttpConnection : INFO: POST https://api.sandbox.paypal.com/v1/payments/payment
[02-08-2022 20:37:16] PayPal\Core\PayPalHttpConnection : INFO: Response Status 	: 201
[02-08-2022 20:51:59] PayPal\Core\PayPalHttpConnection : INFO: POST https://api.sandbox.paypal.com/v1/oauth2/token
[02-08-2022 20:52:00] PayPal\Core\PayPalHttpConnection : INFO: Response Status 	: 200
[02-08-2022 20:52:00] PayPal\Core\PayPalHttpConnection : INFO: POST https://api.sandbox.paypal.com/v1/payments/payment
[02-08-2022 20:52:01] PayPal\Core\PayPalHttpConnection : INFO: Response Status 	: 201
[02-08-2022 21:15:19] PayPal\Core\PayPalHttpConnection : INFO: POST https://api.sandbox.paypal.com/v1/oauth2/token
[02-08-2022 21:15:20] PayPal\Core\PayPalHttpConnection : INFO: Response Status 	: 200
[02-08-2022 21:15:20] PayPal\Core\PayPalHttpConnection : INFO: POST https://api.sandbox.paypal.com/v1/payments/payment
[02-08-2022 21:15:22] PayPal\Core\PayPalHttpConnection : INFO: Response Status 	: 201
[02-08-2022 21:31:45] PayPal\Core\PayPalHttpConnection : INFO: POST https://api.sandbox.paypal.com/v1/oauth2/token
[02-08-2022 21:31:48] PayPal\Core\PayPalHttpConnection : INFO: Response Status 	: 200
[02-08-2022 21:31:48] PayPal\Core\PayPalHttpConnection : INFO: POST https://api.sandbox.paypal.com/v1/payments/payment
[02-08-2022 21:31:49] PayPal\Core\PayPalHttpConnection : INFO: Response Status 	: 201
[02-08-2022 21:34:46] PayPal\Core\PayPalHttpConnection : INFO: POST https://api.sandbox.paypal.com/v1/oauth2/token
[02-08-2022 21:34:47] PayPal\Core\PayPalHttpConnection : INFO: Response Status 	: 200
[02-08-2022 21:34:47] PayPal\Core\PayPalHttpConnection : INFO: POST https://api.sandbox.paypal.com/v1/payments/payment
[02-08-2022 21:34:48] PayPal\Core\PayPalHttpConnection : INFO: Response Status 	: 201
[02-08-2022 21:34:49] PayPal\Core\PayPalHttpConnection : INFO: PATCH https://api.sandbox.paypal.com/v1/payments/payment/PAYID-MLUXYYY9E553167W37078050
[02-08-2022 21:34:50] PayPal\Core\PayPalHttpConnection : INFO: Response Status 	: 400
[02-08-2022 21:34:50] PayPal\Core\PayPalHttpConnection : ERROR: Got Http response code 400 when accessing https://api.sandbox.paypal.com/v1/payments/payment/PAYID-MLUXYYY9E553167W37078050. {"name":"MALFORMED_REQUEST","message":"JSON request is malformed.","information_link":"https://developer.paypal.com/docs/api/payments/v1/#error-MALFORMED_REQUEST","debug_id":"be8bcb6022532"}
[02-08-2022 21:44:56] PayPal\Core\PayPalHttpConnection : INFO: POST https://api.sandbox.paypal.com/v1/oauth2/token
[02-08-2022 21:44:57] PayPal\Core\PayPalHttpConnection : INFO: Response Status 	: 200
[02-08-2022 21:44:57] PayPal\Core\PayPalHttpConnection : INFO: POST https://api.sandbox.paypal.com/v1/payments/billing-plans/
[02-08-2022 21:44:58] PayPal\Core\PayPalHttpConnection : INFO: Response Status 	: 400
[02-08-2022 21:44:58] PayPal\Core\PayPalHttpConnection : ERROR: Got Http response code 400 when accessing https://api.sandbox.paypal.com/v1/payments/billing-plans/. {"name":"VALIDATION_ERROR","debug_id":"7ce42d6eb6b2f","message":"Invalid request. See details.","information_link":"https://developer.paypal.com/docs/api/payments.billing-plans#errors","details":[{"field":"invalid number of cycles for infinite payment definition type","issue":"If payment definition type is REGULAR, cycles can only be null or 0 for an UNLIMITED plan"}]}
[02-08-2022 21:45:12] PayPal\Core\PayPalHttpConnection : INFO: POST https://api.sandbox.paypal.com/v1/oauth2/token
[02-08-2022 21:45:13] PayPal\Core\PayPalHttpConnection : INFO: Response Status 	: 200
[02-08-2022 21:45:13] PayPal\Core\PayPalHttpConnection : INFO: POST https://api.sandbox.paypal.com/v1/payments/billing-plans/
[02-08-2022 21:45:14] PayPal\Core\PayPalHttpConnection : INFO: Response Status 	: 400
[02-08-2022 21:45:14] PayPal\Core\PayPalHttpConnection : ERROR: Got Http response code 400 when accessing https://api.sandbox.paypal.com/v1/payments/billing-plans/. {"name":"VALIDATION_ERROR","debug_id":"179b9d0058cc1","message":"Invalid request. See details.","information_link":"https://developer.paypal.com/docs/api/payments.billing-plans#errors","details":[{"field":"invalid number of cycles for infinite payment definition type","issue":"If payment definition type is REGULAR, cycles can only be null or 0 for an UNLIMITED plan"}]}
[02-08-2022 21:45:43] PayPal\Core\PayPalHttpConnection : INFO: POST https://api.sandbox.paypal.com/v1/oauth2/token
[02-08-2022 21:45:44] PayPal\Core\PayPalHttpConnection : INFO: Response Status 	: 200
[02-08-2022 21:45:44] PayPal\Core\PayPalHttpConnection : INFO: POST https://api.sandbox.paypal.com/v1/payments/billing-plans/
[02-08-2022 21:45:44] PayPal\Core\PayPalHttpConnection : INFO: Response Status 	: 400
[02-08-2022 21:45:44] PayPal\Core\PayPalHttpConnection : ERROR: Got Http response code 400 when accessing https://api.sandbox.paypal.com/v1/payments/billing-plans/. {"name":"VALIDATION_ERROR","debug_id":"5cec2e46e26c","message":"Invalid request. See details.","information_link":"https://developer.paypal.com/docs/api/payments.billing-plans#errors","details":[{"field":"invalid number of cycles for infinite payment definition type","issue":"If payment definition type is REGULAR, cycles can only be null or 0 for an UNLIMITED plan"}]}
[02-08-2022 21:48:48] PayPal\Core\PayPalHttpConnection : INFO: POST https://api.sandbox.paypal.com/v1/oauth2/token
[02-08-2022 21:48:50] PayPal\Core\PayPalHttpConnection : INFO: Response Status 	: 200
[02-08-2022 21:48:50] PayPal\Core\PayPalHttpConnection : INFO: POST https://api.sandbox.paypal.com/v1/payments/billing-plans/
[02-08-2022 21:48:52] PayPal\Core\PayPalHttpConnection : INFO: Response Status 	: 201
[02-08-2022 21:49:27] PayPal\Core\PayPalHttpConnection : INFO: POST https://api.sandbox.paypal.com/v1/oauth2/token
[02-08-2022 21:49:28] PayPal\Core\PayPalHttpConnection : INFO: Response Status 	: 200
[02-08-2022 21:49:28] PayPal\Core\PayPalHttpConnection : INFO: POST https://api.sandbox.paypal.com/v1/payments/billing-plans/
[02-08-2022 21:49:29] PayPal\Core\PayPalHttpConnection : INFO: Response Status 	: 201
[02-08-2022 21:49:29] PayPal\Core\PayPalHttpConnection : INFO: PATCH https://api.sandbox.paypal.com/v1/payments/billing-plans/P-73X17073NB238082SMANVIGQ
[02-08-2022 21:49:30] PayPal\Core\PayPalHttpConnection : INFO: Response Status 	: 200
[02-08-2022 21:52:30] PayPal\Core\PayPalHttpConnection : INFO: POST https://api.sandbox.paypal.com/v1/oauth2/token
[02-08-2022 21:52:31] PayPal\Core\PayPalHttpConnection : INFO: Response Status 	: 200
[02-08-2022 21:52:31] PayPal\Core\PayPalHttpConnection : INFO: POST https://api.sandbox.paypal.com/v1/payments/billing-plans/
[02-08-2022 21:52:32] PayPal\Core\PayPalHttpConnection : INFO: Response Status 	: 201
[02-08-2022 21:52:32] PayPal\Core\PayPalHttpConnection : INFO: PATCH https://api.sandbox.paypal.com/v1/payments/billing-plans/P-7U0109953N7902356MAPB64Y
[02-08-2022 21:52:33] PayPal\Core\PayPalHttpConnection : INFO: Response Status 	: 200
[02-08-2022 21:52:33] PayPal\Core\PayPalHttpConnection : INFO: GET https://api.sandbox.paypal.com/v1/payments/billing-plans/P-7U0109953N7902356MAPB64Y
[02-08-2022 21:52:34] PayPal\Core\PayPalHttpConnection : INFO: Response Status 	: 200
[02-08-2022 21:53:02] PayPal\Core\PayPalHttpConnection : INFO: POST https://api.sandbox.paypal.com/v1/oauth2/token
[02-08-2022 21:53:03] PayPal\Core\PayPalHttpConnection : INFO: Response Status 	: 200
[02-08-2022 21:53:03] PayPal\Core\PayPalHttpConnection : INFO: POST https://api.sandbox.paypal.com/v1/payments/billing-plans/
[02-08-2022 21:53:05] PayPal\Core\PayPalHttpConnection : INFO: Response Status 	: 201
[02-08-2022 21:53:05] PayPal\Core\PayPalHttpConnection : INFO: PATCH https://api.sandbox.paypal.com/v1/payments/billing-plans/P-9CB98799M3890590VMAPJYEA
[02-08-2022 21:53:06] PayPal\Core\PayPalHttpConnection : INFO: Response Status 	: 200
[02-08-2022 21:53:06] PayPal\Core\PayPalHttpConnection : INFO: GET https://api.sandbox.paypal.com/v1/payments/billing-plans/P-9CB98799M3890590VMAPJYEA
[02-08-2022 21:53:07] PayPal\Core\PayPalHttpConnection : INFO: Response Status 	: 200
[02-08-2022 21:54:58] PayPal\Core\PayPalHttpConnection : INFO: POST https://api.sandbox.paypal.com/v1/oauth2/token
[02-08-2022 21:54:59] PayPal\Core\PayPalHttpConnection : INFO: Response Status 	: 200
[02-08-2022 21:54:59] PayPal\Core\PayPalHttpConnection : INFO: POST https://api.sandbox.paypal.com/v1/payments/billing-plans/
[02-08-2022 21:55:01] PayPal\Core\PayPalHttpConnection : INFO: Response Status 	: 201
[02-08-2022 21:55:01] PayPal\Core\PayPalHttpConnection : INFO: PATCH https://api.sandbox.paypal.com/v1/payments/billing-plans/P-03K94342E79227624MAQGIAQ
[02-08-2022 21:55:02] PayPal\Core\PayPalHttpConnection : INFO: Response Status 	: 200
[02-08-2022 21:55:02] PayPal\Core\PayPalHttpConnection : INFO: GET https://api.sandbox.paypal.com/v1/payments/billing-plans/P-03K94342E79227624MAQGIAQ
[02-08-2022 21:55:04] PayPal\Core\PayPalHttpConnection : INFO: Response Status 	: 200
[02-08-2022 21:55:19] PayPal\Core\PayPalHttpConnection : INFO: POST https://api.sandbox.paypal.com/v1/oauth2/token
[02-08-2022 21:55:21] PayPal\Core\PayPalHttpConnection : INFO: Response Status 	: 200
[02-08-2022 21:55:21] PayPal\Core\PayPalHttpConnection : INFO: POST https://api.sandbox.paypal.com/v1/payments/billing-plans/
[02-08-2022 21:55:22] PayPal\Core\PayPalHttpConnection : INFO: Response Status 	: 201
[02-08-2022 21:55:22] PayPal\Core\PayPalHttpConnection : INFO: PATCH https://api.sandbox.paypal.com/v1/payments/billing-plans/P-27H24999CP018052BMAQLMNY
[02-08-2022 21:55:23] PayPal\Core\PayPalHttpConnection : INFO: Response Status 	: 200
[02-08-2022 21:55:23] PayPal\Core\PayPalHttpConnection : INFO: GET https://api.sandbox.paypal.com/v1/payments/billing-plans/P-27H24999CP018052BMAQLMNY
[02-08-2022 21:55:24] PayPal\Core\PayPalHttpConnection : INFO: Response Status 	: 200
[02-08-2022 21:56:22] PayPal\Core\PayPalHttpConnection : INFO: POST https://api.sandbox.paypal.com/v1/oauth2/token
[02-08-2022 21:56:24] PayPal\Core\PayPalHttpConnection : INFO: Response Status 	: 200
[02-08-2022 21:56:24] PayPal\Core\PayPalHttpConnection : INFO: POST https://api.sandbox.paypal.com/v1/payments/billing-plans/
[02-08-2022 21:56:25] PayPal\Core\PayPalHttpConnection : INFO: Response Status 	: 400
[02-08-2022 21:56:25] PayPal\Core\PayPalHttpConnection : ERROR: Got Http response code 400 when accessing https://api.sandbox.paypal.com/v1/payments/billing-plans/. {"name":"VALIDATION_ERROR","debug_id":"f7a77f1540195","message":"Invalid request. See details.","information_link":"https://developer.paypal.com/docs/api/payments.billing-plans#errors","details":[{"field":"invalid number of cycles for infinite payment definition type","issue":"If payment definition type is REGULAR, cycles can only be null or 0 for an UNLIMITED plan"}]}
[02-08-2022 22:22:28] PayPal\Core\PayPalHttpConnection : INFO: POST https://api.sandbox.paypal.com/v1/oauth2/token
[02-08-2022 22:22:29] PayPal\Core\PayPalHttpConnection : INFO: Response Status 	: 200
[02-08-2022 22:22:29] PayPal\Core\PayPalHttpConnection : INFO: POST https://api.sandbox.paypal.com/v1/payments/billing-plans/
[02-08-2022 22:22:31] PayPal\Core\PayPalHttpConnection : INFO: Response Status 	: 201
[02-08-2022 22:22:31] PayPal\Core\PayPalHttpConnection : INFO: PATCH https://api.sandbox.paypal.com/v1/payments/billing-plans/P-1PL05557434459137MA4ZEUI
[02-08-2022 22:22:32] PayPal\Core\PayPalHttpConnection : INFO: Response Status 	: 200
[02-08-2022 22:22:32] PayPal\Core\PayPalHttpConnection : INFO: GET https://api.sandbox.paypal.com/v1/payments/billing-plans/P-1PL05557434459137MA4ZEUI
[02-08-2022 22:22:33] PayPal\Core\PayPalHttpConnection : INFO: Response Status 	: 200
[02-08-2022 22:30:34] PayPal\Core\PayPalHttpConnection : INFO: POST https://api.sandbox.paypal.com/v1/oauth2/token
[02-08-2022 22:30:36] PayPal\Core\PayPalHttpConnection : INFO: Response Status 	: 200
[02-08-2022 22:30:36] PayPal\Core\PayPalHttpConnection : INFO: POST https://api.sandbox.paypal.com/v1/payments/billing-plans/
[02-08-2022 22:30:37] PayPal\Core\PayPalHttpConnection : INFO: Response Status 	: 201
[02-08-2022 22:30:37] PayPal\Core\PayPalHttpConnection : INFO: PATCH https://api.sandbox.paypal.com/v1/payments/billing-plans/P-9WV77437B7293672JMBAP45Y
[02-08-2022 22:30:39] PayPal\Core\PayPalHttpConnection : INFO: Response Status 	: 200
[02-08-2022 22:30:39] PayPal\Core\PayPalHttpConnection : INFO: GET https://api.sandbox.paypal.com/v1/payments/billing-plans/P-9WV77437B7293672JMBAP45Y
[02-08-2022 22:30:40] PayPal\Core\PayPalHttpConnection : INFO: Response Status 	: 200
[02-08-2022 22:32:49] PayPal\Core\PayPalHttpConnection : INFO: POST https://api.sandbox.paypal.com/v1/oauth2/token
[02-08-2022 22:32:50] PayPal\Core\PayPalHttpConnection : INFO: Response Status 	: 200
[02-08-2022 22:32:50] PayPal\Core\PayPalHttpConnection : INFO: POST https://api.sandbox.paypal.com/v1/payments/billing-plans/
[02-08-2022 22:32:51] PayPal\Core\PayPalHttpConnection : INFO: Response Status 	: 201
[02-08-2022 22:32:51] PayPal\Core\PayPalHttpConnection : INFO: PATCH https://api.sandbox.paypal.com/v1/payments/billing-plans/P-3VG95566M8353762XMBBQVFY
[02-08-2022 22:32:52] PayPal\Core\PayPalHttpConnection : INFO: Response Status 	: 200
[02-08-2022 22:32:52] PayPal\Core\PayPalHttpConnection : INFO: GET https://api.sandbox.paypal.com/v1/payments/billing-plans/P-3VG95566M8353762XMBBQVFY
[02-08-2022 22:32:53] PayPal\Core\PayPalHttpConnection : INFO: Response Status 	: 200
[02-08-2022 22:33:14] PayPal\Core\PayPalHttpConnection : INFO: POST https://api.sandbox.paypal.com/v1/oauth2/token
[02-08-2022 22:33:15] PayPal\Core\PayPalHttpConnection : INFO: Response Status 	: 200
[02-08-2022 22:33:15] PayPal\Core\PayPalHttpConnection : INFO: POST https://api.sandbox.paypal.com/v1/payments/billing-plans/
[02-08-2022 22:33:17] PayPal\Core\PayPalHttpConnection : INFO: Response Status 	: 201
[02-08-2022 22:33:17] PayPal\Core\PayPalHttpConnection : INFO: PATCH https://api.sandbox.paypal.com/v1/payments/billing-plans/P-0GR1119575915720GMBBW2CQ
[02-08-2022 22:33:18] PayPal\Core\PayPalHttpConnection : INFO: Response Status 	: 200
[02-08-2022 22:33:18] PayPal\Core\PayPalHttpConnection : INFO: GET https://api.sandbox.paypal.com/v1/payments/billing-plans/P-0GR1119575915720GMBBW2CQ
[02-08-2022 22:33:19] PayPal\Core\PayPalHttpConnection : INFO: Response Status 	: 200
[02-08-2022 22:44:06] PayPal\Core\PayPalHttpConnection : INFO: POST https://api.sandbox.paypal.com/v1/oauth2/token
[02-08-2022 22:44:07] PayPal\Core\PayPalHttpConnection : INFO: Response Status 	: 200
[02-08-2022 22:44:07] PayPal\Core\PayPalHttpConnection : INFO: POST https://api.sandbox.paypal.com/v1/payments/billing-plans/
[02-08-2022 22:44:08] PayPal\Core\PayPalHttpConnection : INFO: Response Status 	: 201
[02-08-2022 22:44:08] PayPal\Core\PayPalHttpConnection : INFO: PATCH https://api.sandbox.paypal.com/v1/payments/billing-plans/P-68A35405XJ556335RMBGV2UA
[02-08-2022 22:44:09] PayPal\Core\PayPalHttpConnection : INFO: Response Status 	: 200
[02-08-2022 22:44:09] PayPal\Core\PayPalHttpConnection : INFO: GET https://api.sandbox.paypal.com/v1/payments/billing-plans/P-68A35405XJ556335RMBGV2UA
[02-08-2022 22:44:11] PayPal\Core\PayPalHttpConnection : INFO: Response Status 	: 200
[02-08-2022 22:44:11] PayPal\Core\PayPalHttpConnection : INFO: POST https://api.sandbox.paypal.com/v1/payments/billing-agreements/
[02-08-2022 22:44:12] PayPal\Core\PayPalHttpConnection : INFO: Response Status 	: 400
[02-08-2022 22:44:12] PayPal\Core\PayPalHttpConnection : ERROR: Got Http response code 400 when accessing https://api.sandbox.paypal.com/v1/payments/billing-agreements/. {"name":"VALIDATION_ERROR","debug_id":"e8e27119ee54a","message":"Invalid request. See details.","information_link":"https://developer.paypal.com/docs/api/payments.billing-agreements#errors","details":[{"field":"start_date","issue":"Agreement start date is required, should be valid and greater than the current date. Should be consistent with ISO 8601 Format"}]}
[02-08-2022 22:44:45] PayPal\Core\PayPalHttpConnection : INFO: POST https://api.sandbox.paypal.com/v1/oauth2/token
[02-08-2022 22:44:46] PayPal\Core\PayPalHttpConnection : INFO: Response Status 	: 200
[02-08-2022 22:44:46] PayPal\Core\PayPalHttpConnection : INFO: POST https://api.sandbox.paypal.com/v1/payments/billing-plans/
[02-08-2022 22:44:47] PayPal\Core\PayPalHttpConnection : INFO: Response Status 	: 201
[02-08-2022 22:44:47] PayPal\Core\PayPalHttpConnection : INFO: PATCH https://api.sandbox.paypal.com/v1/payments/billing-plans/P-1BN74951K6131780VMBG7OWY
[02-08-2022 22:44:48] PayPal\Core\PayPalHttpConnection : INFO: Response Status 	: 200
[02-08-2022 22:44:48] PayPal\Core\PayPalHttpConnection : INFO: GET https://api.sandbox.paypal.com/v1/payments/billing-plans/P-1BN74951K6131780VMBG7OWY
[02-08-2022 22:44:49] PayPal\Core\PayPalHttpConnection : INFO: Response Status 	: 200
[02-08-2022 22:45:17] PayPal\Core\PayPalHttpConnection : INFO: POST https://api.sandbox.paypal.com/v1/oauth2/token
[02-08-2022 22:45:18] PayPal\Core\PayPalHttpConnection : INFO: Response Status 	: 200
[02-08-2022 22:45:18] PayPal\Core\PayPalHttpConnection : INFO: POST https://api.sandbox.paypal.com/v1/payments/billing-plans/
[02-08-2022 22:45:19] PayPal\Core\PayPalHttpConnection : INFO: Response Status 	: 201
[02-08-2022 22:45:19] PayPal\Core\PayPalHttpConnection : INFO: PATCH https://api.sandbox.paypal.com/v1/payments/billing-plans/P-27S61320M1408470AMBHHFSI
[02-08-2022 22:45:20] PayPal\Core\PayPalHttpConnection : INFO: Response Status 	: 200
[02-08-2022 22:45:20] PayPal\Core\PayPalHttpConnection : INFO: GET https://api.sandbox.paypal.com/v1/payments/billing-plans/P-27S61320M1408470AMBHHFSI
[02-08-2022 22:45:21] PayPal\Core\PayPalHttpConnection : INFO: Response Status 	: 200
[02-08-2022 22:45:21] PayPal\Core\PayPalHttpConnection : INFO: POST https://api.sandbox.paypal.com/v1/payments/billing-agreements/
[02-08-2022 22:45:22] PayPal\Core\PayPalHttpConnection : INFO: Response Status 	: 400
[02-08-2022 22:45:22] PayPal\Core\PayPalHttpConnection : ERROR: Got Http response code 400 when accessing https://api.sandbox.paypal.com/v1/payments/billing-agreements/. {"name":"VALIDATION_ERROR","debug_id":"47735e4675fdd","message":"Invalid request. See details.","information_link":"https://developer.paypal.com/docs/api/payments.billing-agreements#errors","details":[{"field":"start_date","issue":"Agreement start date is required, should be valid and greater than the current date. Should be consistent with ISO 8601 Format"}]}
[02-08-2022 22:45:58] PayPal\Core\PayPalHttpConnection : INFO: POST https://api.sandbox.paypal.com/v1/oauth2/token
[02-08-2022 22:45:59] PayPal\Core\PayPalHttpConnection : INFO: Response Status 	: 200
[02-08-2022 22:45:59] PayPal\Core\PayPalHttpConnection : INFO: POST https://api.sandbox.paypal.com/v1/payments/billing-plans/
[02-08-2022 22:46:00] PayPal\Core\PayPalHttpConnection : INFO: Response Status 	: 201
[02-08-2022 22:46:00] PayPal\Core\PayPalHttpConnection : INFO: PATCH https://api.sandbox.paypal.com/v1/payments/billing-plans/P-4RV06264PV120931DMBHRGDY
[02-08-2022 22:46:01] PayPal\Core\PayPalHttpConnection : INFO: Response Status 	: 200
[02-08-2022 22:46:01] PayPal\Core\PayPalHttpConnection : INFO: GET https://api.sandbox.paypal.com/v1/payments/billing-plans/P-4RV06264PV120931DMBHRGDY
[02-08-2022 22:46:03] PayPal\Core\PayPalHttpConnection : INFO: Response Status 	: 200
[02-08-2022 23:25:14] PayPal\Core\PayPalHttpConnection : INFO: POST https://api.sandbox.paypal.com/v1/oauth2/token
[02-08-2022 23:25:15] PayPal\Core\PayPalHttpConnection : INFO: Response Status 	: 200
[02-08-2022 23:25:15] PayPal\Core\PayPalHttpConnection : INFO: POST https://api.sandbox.paypal.com/v1/payments/billing-plans/
[02-08-2022 23:25:17] PayPal\Core\PayPalHttpConnection : INFO: Response Status 	: 201
[02-08-2022 23:25:18] PayPal\Core\PayPalHttpConnection : INFO: PATCH https://api.sandbox.paypal.com/v1/payments/billing-plans/P-6SV7821631350535DMBZQ2FQ
[02-08-2022 23:25:19] PayPal\Core\PayPalHttpConnection : INFO: Response Status 	: 200
[02-08-2022 23:25:19] PayPal\Core\PayPalHttpConnection : INFO: GET https://api.sandbox.paypal.com/v1/payments/billing-plans/P-6SV7821631350535DMBZQ2FQ
[02-08-2022 23:25:21] PayPal\Core\PayPalHttpConnection : INFO: Response Status 	: 200
[02-08-2022 23:25:21] PayPal\Core\PayPalHttpConnection : INFO: POST https://api.sandbox.paypal.com/v1/payments/billing-agreements/
[02-08-2022 23:25:22] PayPal\Core\PayPalHttpConnection : INFO: Response Status 	: 400
[02-08-2022 23:25:22] PayPal\Core\PayPalHttpConnection : ERROR: Got Http response code 400 when accessing https://api.sandbox.paypal.com/v1/payments/billing-agreements/. {"name":"VALIDATION_ERROR","debug_id":"d9b8acb068a7c","message":"Invalid request. See details.","information_link":"https://developer.paypal.com/docs/api/payments.billing-agreements#errors","details":[{"field":"start_date","issue":"Agreement start date is required, should be valid and greater than the current date. Should be consistent with ISO 8601 Format"}]}
[02-08-2022 23:25:52] PayPal\Core\PayPalHttpConnection : INFO: POST https://api.sandbox.paypal.com/v1/oauth2/token
[02-08-2022 23:25:54] PayPal\Core\PayPalHttpConnection : INFO: Response Status 	: 200
[02-08-2022 23:25:54] PayPal\Core\PayPalHttpConnection : INFO: POST https://api.sandbox.paypal.com/v1/payments/billing-plans/
[02-08-2022 23:25:55] PayPal\Core\PayPalHttpConnection : INFO: Response Status 	: 201
[02-08-2022 23:25:55] PayPal\Core\PayPalHttpConnection : INFO: PATCH https://api.sandbox.paypal.com/v1/payments/billing-plans/P-31386914HM4094135MBZZ7KI
[02-08-2022 23:25:56] PayPal\Core\PayPalHttpConnection : INFO: Response Status 	: 200
[02-08-2022 23:25:56] PayPal\Core\PayPalHttpConnection : INFO: GET https://api.sandbox.paypal.com/v1/payments/billing-plans/P-31386914HM4094135MBZZ7KI
[02-08-2022 23:25:57] PayPal\Core\PayPalHttpConnection : INFO: Response Status 	: 200
[02-08-2022 23:25:57] PayPal\Core\PayPalHttpConnection : INFO: POST https://api.sandbox.paypal.com/v1/payments/billing-agreements/
[02-08-2022 23:25:59] PayPal\Core\PayPalHttpConnection : INFO: Response Status 	: 400
[02-08-2022 23:25:59] PayPal\Core\PayPalHttpConnection : ERROR: Got Http response code 400 when accessing https://api.sandbox.paypal.com/v1/payments/billing-agreements/. {"name":"VALIDATION_ERROR","debug_id":"99ae8123378d7","message":"Invalid request. See details.","information_link":"https://developer.paypal.com/docs/api/payments.billing-agreements#errors","details":[{"field":"start_date","issue":"Agreement start date is required, should be valid and greater than the current date. Should be consistent with ISO 8601 Format"}]}
[03-08-2022 12:44:41] PayPal\Core\PayPalHttpConnection : INFO: POST https://api.sandbox.paypal.com/v1/oauth2/token
[03-08-2022 12:44:43] PayPal\Core\PayPalHttpConnection : INFO: Response Status 	: 200
[03-08-2022 12:44:44] PayPal\Core\PayPalHttpConnection : INFO: POST https://api.sandbox.paypal.com/v1/payments/billing-plans/
[03-08-2022 12:44:44] PayPal\Core\PayPalHttpConnection : INFO: Response Status 	: 201
[03-08-2022 12:44:45] PayPal\Core\PayPalHttpConnection : INFO: PATCH https://api.sandbox.paypal.com/v1/payments/billing-plans/P-84T47586JR413383SMNHPJRA
[03-08-2022 12:44:47] PayPal\Core\PayPalHttpConnection : INFO: Response Status 	: 200
[03-08-2022 12:44:47] PayPal\Core\PayPalHttpConnection : INFO: GET https://api.sandbox.paypal.com/v1/payments/billing-plans/P-84T47586JR413383SMNHPJRA
[03-08-2022 12:44:49] PayPal\Core\PayPalHttpConnection : INFO: Response Status 	: 200
[03-08-2022 12:45:28] PayPal\Core\PayPalHttpConnection : INFO: POST https://api.sandbox.paypal.com/v1/oauth2/token
[03-08-2022 12:45:29] PayPal\Core\PayPalHttpConnection : INFO: Response Status 	: 200
[03-08-2022 12:45:29] PayPal\Core\PayPalHttpConnection : INFO: POST https://api.sandbox.paypal.com/v1/payments/billing-plans/
[03-08-2022 12:45:30] PayPal\Core\PayPalHttpConnection : INFO: Response Status 	: 201
[03-08-2022 12:45:30] PayPal\Core\PayPalHttpConnection : INFO: PATCH https://api.sandbox.paypal.com/v1/payments/billing-plans/P-9EF40442CG057990SMNH2RPA
[03-08-2022 12:45:31] PayPal\Core\PayPalHttpConnection : INFO: Response Status 	: 200
[03-08-2022 12:45:31] PayPal\Core\PayPalHttpConnection : INFO: GET https://api.sandbox.paypal.com/v1/payments/billing-plans/P-9EF40442CG057990SMNH2RPA
[03-08-2022 12:45:32] PayPal\Core\PayPalHttpConnection : INFO: Response Status 	: 200
[03-08-2022 12:45:43] PayPal\Core\PayPalHttpConnection : INFO: POST https://api.sandbox.paypal.com/v1/oauth2/token
[03-08-2022 12:45:44] PayPal\Core\PayPalHttpConnection : INFO: Response Status 	: 200
[03-08-2022 12:45:44] PayPal\Core\PayPalHttpConnection : INFO: POST https://api.sandbox.paypal.com/v1/payments/billing-plans/
[03-08-2022 12:45:45] PayPal\Core\PayPalHttpConnection : INFO: Response Status 	: 201
[03-08-2022 12:45:45] PayPal\Core\PayPalHttpConnection : INFO: PATCH https://api.sandbox.paypal.com/v1/payments/billing-plans/P-7S174964LA6168150MNH6DKI
[03-08-2022 12:45:46] PayPal\Core\PayPalHttpConnection : INFO: Response Status 	: 200
[03-08-2022 12:45:46] PayPal\Core\PayPalHttpConnection : INFO: GET https://api.sandbox.paypal.com/v1/payments/billing-plans/P-7S174964LA6168150MNH6DKI
[03-08-2022 12:45:47] PayPal\Core\PayPalHttpConnection : INFO: Response Status 	: 200
[03-08-2022 12:52:29] PayPal\Core\PayPalHttpConnection : INFO: POST https://api.sandbox.paypal.com/v1/oauth2/token
[03-08-2022 12:52:30] PayPal\Core\PayPalHttpConnection : INFO: Response Status 	: 200
[03-08-2022 12:52:30] PayPal\Core\PayPalHttpConnection : INFO: POST https://api.sandbox.paypal.com/v1/payments/billing-plans/
[03-08-2022 12:52:31] PayPal\Core\PayPalHttpConnection : INFO: Response Status 	: 201
[03-08-2022 12:52:31] PayPal\Core\PayPalHttpConnection : INFO: PATCH https://api.sandbox.paypal.com/v1/payments/billing-plans/P-1A242665S9324080PMNLBJLI
[03-08-2022 12:52:32] PayPal\Core\PayPalHttpConnection : INFO: Response Status 	: 200
[03-08-2022 12:52:32] PayPal\Core\PayPalHttpConnection : INFO: GET https://api.sandbox.paypal.com/v1/payments/billing-plans/P-1A242665S9324080PMNLBJLI
[03-08-2022 12:52:34] PayPal\Core\PayPalHttpConnection : INFO: Response Status 	: 200
[03-08-2022 12:54:21] PayPal\Core\PayPalHttpConnection : INFO: POST https://api.sandbox.paypal.com/v1/oauth2/token
[03-08-2022 12:54:21] PayPal\Core\PayPalHttpConnection : INFO: Response Status 	: 200
[03-08-2022 12:54:21] PayPal\Core\PayPalHttpConnection : INFO: POST https://api.sandbox.paypal.com/v1/payments/billing-plans/
[03-08-2022 12:54:22] PayPal\Core\PayPalHttpConnection : INFO: Response Status 	: 201
[03-08-2022 12:54:22] PayPal\Core\PayPalHttpConnection : INFO: PATCH https://api.sandbox.paypal.com/v1/payments/billing-plans/P-8C403579JE1438249MNL4L4A
[03-08-2022 12:54:23] PayPal\Core\PayPalHttpConnection : INFO: Response Status 	: 200
[03-08-2022 12:54:23] PayPal\Core\PayPalHttpConnection : INFO: GET https://api.sandbox.paypal.com/v1/payments/billing-plans/P-8C403579JE1438249MNL4L4A
[03-08-2022 12:54:24] PayPal\Core\PayPalHttpConnection : INFO: Response Status 	: 200
[03-08-2022 12:56:05] PayPal\Core\PayPalHttpConnection : INFO: POST https://api.sandbox.paypal.com/v1/oauth2/token
[03-08-2022 12:56:06] PayPal\Core\PayPalHttpConnection : INFO: Response Status 	: 200
[03-08-2022 12:56:06] PayPal\Core\PayPalHttpConnection : INFO: POST https://api.sandbox.paypal.com/v1/payments/billing-plans/
[03-08-2022 12:56:07] PayPal\Core\PayPalHttpConnection : INFO: Response Status 	: 201
[03-08-2022 12:56:07] PayPal\Core\PayPalHttpConnection : INFO: PATCH https://api.sandbox.paypal.com/v1/payments/billing-plans/P-0CF08551PR9854637MNMWDVQ
[03-08-2022 12:56:08] PayPal\Core\PayPalHttpConnection : INFO: Response Status 	: 200
[03-08-2022 12:56:08] PayPal\Core\PayPalHttpConnection : INFO: GET https://api.sandbox.paypal.com/v1/payments/billing-plans/P-0CF08551PR9854637MNMWDVQ
[03-08-2022 12:56:09] PayPal\Core\PayPalHttpConnection : INFO: Response Status 	: 200
[03-08-2022 12:56:12] PayPal\Core\PayPalHttpConnection : INFO: POST https://api.sandbox.paypal.com/v1/oauth2/token
[03-08-2022 12:56:13] PayPal\Core\PayPalHttpConnection : INFO: Response Status 	: 200
[03-08-2022 12:56:13] PayPal\Core\PayPalHttpConnection : INFO: POST https://api.sandbox.paypal.com/v1/payments/billing-plans/
[03-08-2022 12:56:14] PayPal\Core\PayPalHttpConnection : INFO: Response Status 	: 201
[03-08-2022 12:56:14] PayPal\Core\PayPalHttpConnection : INFO: PATCH https://api.sandbox.paypal.com/v1/payments/billing-plans/P-7WM12797PE7792444MNMX2AY
[03-08-2022 12:56:15] PayPal\Core\PayPalHttpConnection : INFO: Response Status 	: 200
[03-08-2022 12:56:15] PayPal\Core\PayPalHttpConnection : INFO: GET https://api.sandbox.paypal.com/v1/payments/billing-plans/P-7WM12797PE7792444MNMX2AY
[03-08-2022 12:56:16] PayPal\Core\PayPalHttpConnection : INFO: Response Status 	: 200
[03-08-2022 12:56:39] PayPal\Core\PayPalHttpConnection : INFO: POST https://api.sandbox.paypal.com/v1/oauth2/token
[03-08-2022 12:56:40] PayPal\Core\PayPalHttpConnection : INFO: Response Status 	: 200
[03-08-2022 12:56:40] PayPal\Core\PayPalHttpConnection : INFO: POST https://api.sandbox.paypal.com/v1/payments/billing-plans/
[03-08-2022 12:56:41] PayPal\Core\PayPalHttpConnection : INFO: Response Status 	: 201
[03-08-2022 12:56:41] PayPal\Core\PayPalHttpConnection : INFO: PATCH https://api.sandbox.paypal.com/v1/payments/billing-plans/P-5RL72862MN621683EMNM6G7Q
[03-08-2022 12:56:42] PayPal\Core\PayPalHttpConnection : INFO: Response Status 	: 200
[03-08-2022 12:56:42] PayPal\Core\PayPalHttpConnection : INFO: GET https://api.sandbox.paypal.com/v1/payments/billing-plans/P-5RL72862MN621683EMNM6G7Q
[03-08-2022 12:56:43] PayPal\Core\PayPalHttpConnection : INFO: Response Status 	: 200
[03-08-2022 13:00:27] PayPal\Core\PayPalHttpConnection : INFO: POST https://api.sandbox.paypal.com/v1/oauth2/token
[03-08-2022 13:00:28] PayPal\Core\PayPalHttpConnection : INFO: Response Status 	: 200
[03-08-2022 13:00:28] PayPal\Core\PayPalHttpConnection : INFO: POST https://api.sandbox.paypal.com/v1/payments/billing-plans/
[03-08-2022 13:00:29] PayPal\Core\PayPalHttpConnection : INFO: Response Status 	: 201
[03-08-2022 13:00:29] PayPal\Core\PayPalHttpConnection : INFO: PATCH https://api.sandbox.paypal.com/v1/payments/billing-plans/P-81S09674L8749682SMNOWA4A
[03-08-2022 13:00:30] PayPal\Core\PayPalHttpConnection : INFO: Response Status 	: 200
[03-08-2022 13:00:30] PayPal\Core\PayPalHttpConnection : INFO: GET https://api.sandbox.paypal.com/v1/payments/billing-plans/P-81S09674L8749682SMNOWA4A
[03-08-2022 13:00:31] PayPal\Core\PayPalHttpConnection : INFO: Response Status 	: 200
[03-08-2022 13:00:40] PayPal\Core\PayPalHttpConnection : INFO: POST https://api.sandbox.paypal.com/v1/oauth2/token
[03-08-2022 13:00:41] PayPal\Core\PayPalHttpConnection : INFO: Response Status 	: 200
[03-08-2022 13:00:41] PayPal\Core\PayPalHttpConnection : INFO: POST https://api.sandbox.paypal.com/v1/payments/billing-plans/
[03-08-2022 13:00:42] PayPal\Core\PayPalHttpConnection : INFO: Response Status 	: 201
[03-08-2022 13:00:42] PayPal\Core\PayPalHttpConnection : INFO: PATCH https://api.sandbox.paypal.com/v1/payments/billing-plans/P-8JP5080106608384WMNOZF7Q
[03-08-2022 13:00:43] PayPal\Core\PayPalHttpConnection : INFO: Response Status 	: 200
[03-08-2022 13:00:43] PayPal\Core\PayPalHttpConnection : INFO: GET https://api.sandbox.paypal.com/v1/payments/billing-plans/P-8JP5080106608384WMNOZF7Q
[03-08-2022 13:00:44] PayPal\Core\PayPalHttpConnection : INFO: Response Status 	: 200
[03-08-2022 13:01:03] PayPal\Core\PayPalHttpConnection : INFO: POST https://api.sandbox.paypal.com/v1/oauth2/token
[03-08-2022 13:01:04] PayPal\Core\PayPalHttpConnection : INFO: Response Status 	: 200
[03-08-2022 13:01:04] PayPal\Core\PayPalHttpConnection : INFO: POST https://api.sandbox.paypal.com/v1/payments/billing-plans/
[03-08-2022 13:01:05] PayPal\Core\PayPalHttpConnection : INFO: Response Status 	: 201
[03-08-2022 13:01:05] PayPal\Core\PayPalHttpConnection : INFO: PATCH https://api.sandbox.paypal.com/v1/payments/billing-plans/P-4PW24816EC458310DMNO6Z3Y
[03-08-2022 13:01:06] PayPal\Core\PayPalHttpConnection : INFO: Response Status 	: 200
[03-08-2022 13:01:06] PayPal\Core\PayPalHttpConnection : INFO: GET https://api.sandbox.paypal.com/v1/payments/billing-plans/P-4PW24816EC458310DMNO6Z3Y
[03-08-2022 13:01:07] PayPal\Core\PayPalHttpConnection : INFO: Response Status 	: 200
[03-08-2022 13:01:29] PayPal\Core\PayPalHttpConnection : INFO: POST https://api.sandbox.paypal.com/v1/oauth2/token
[03-08-2022 13:01:30] PayPal\Core\PayPalHttpConnection : INFO: Response Status 	: 200
[03-08-2022 13:01:30] PayPal\Core\PayPalHttpConnection : INFO: POST https://api.sandbox.paypal.com/v1/payments/billing-plans/
[03-08-2022 13:01:30] PayPal\Core\PayPalHttpConnection : INFO: Response Status 	: 201
[03-08-2022 13:01:30] PayPal\Core\PayPalHttpConnection : INFO: PATCH https://api.sandbox.paypal.com/v1/payments/billing-plans/P-2JY22661H4196754FMNPE5FI
[03-08-2022 13:01:31] PayPal\Core\PayPalHttpConnection : INFO: Response Status 	: 200
[03-08-2022 13:01:31] PayPal\Core\PayPalHttpConnection : INFO: GET https://api.sandbox.paypal.com/v1/payments/billing-plans/P-2JY22661H4196754FMNPE5FI
[03-08-2022 13:01:33] PayPal\Core\PayPalHttpConnection : INFO: Response Status 	: 200
[03-08-2022 13:02:52] PayPal\Core\PayPalHttpConnection : INFO: POST https://api.sandbox.paypal.com/v1/oauth2/token
[03-08-2022 13:02:54] PayPal\Core\PayPalHttpConnection : INFO: Response Status 	: 200
[03-08-2022 13:02:54] PayPal\Core\PayPalHttpConnection : INFO: POST https://api.sandbox.paypal.com/v1/payments/billing-plans/
[03-08-2022 13:02:54] PayPal\Core\PayPalHttpConnection : INFO: Response Status 	: 201
[03-08-2022 13:02:54] PayPal\Core\PayPalHttpConnection : INFO: PATCH https://api.sandbox.paypal.com/v1/payments/billing-plans/P-8P215451SL1332413MNPZRII
[03-08-2022 13:02:55] PayPal\Core\PayPalHttpConnection : INFO: Response Status 	: 200
[03-08-2022 13:02:55] PayPal\Core\PayPalHttpConnection : INFO: GET https://api.sandbox.paypal.com/v1/payments/billing-plans/P-8P215451SL1332413MNPZRII
[03-08-2022 13:02:56] PayPal\Core\PayPalHttpConnection : INFO: Response Status 	: 200
[03-08-2022 13:03:10] PayPal\Core\PayPalHttpConnection : INFO: POST https://api.sandbox.paypal.com/v1/oauth2/token
[03-08-2022 13:03:11] PayPal\Core\PayPalHttpConnection : INFO: Response Status 	: 200
[03-08-2022 13:03:11] PayPal\Core\PayPalHttpConnection : INFO: POST https://api.sandbox.paypal.com/v1/payments/billing-plans/
[03-08-2022 13:03:12] PayPal\Core\PayPalHttpConnection : INFO: Response Status 	: 201
[03-08-2022 13:03:12] PayPal\Core\PayPalHttpConnection : INFO: PATCH https://api.sandbox.paypal.com/v1/payments/billing-plans/P-6FE29516S0266635JMNP5UII
[03-08-2022 13:03:13] PayPal\Core\PayPalHttpConnection : INFO: Response Status 	: 200
[03-08-2022 13:03:13] PayPal\Core\PayPalHttpConnection : INFO: GET https://api.sandbox.paypal.com/v1/payments/billing-plans/P-6FE29516S0266635JMNP5UII
[03-08-2022 13:03:14] PayPal\Core\PayPalHttpConnection : INFO: Response Status 	: 200
[03-08-2022 13:03:50] PayPal\Core\PayPalHttpConnection : INFO: POST https://api.sandbox.paypal.com/v1/oauth2/token
[03-08-2022 13:03:52] PayPal\Core\PayPalHttpConnection : INFO: Response Status 	: 200
[03-08-2022 13:03:52] PayPal\Core\PayPalHttpConnection : INFO: POST https://api.sandbox.paypal.com/v1/payments/billing-plans/
[03-08-2022 13:03:53] PayPal\Core\PayPalHttpConnection : INFO: Response Status 	: 201
[03-08-2022 13:03:53] PayPal\Core\PayPalHttpConnection : INFO: PATCH https://api.sandbox.paypal.com/v1/payments/billing-plans/P-23T0697792510142MMNQHWSY
[03-08-2022 13:03:57] PayPal\Core\PayPalHttpConnection : INFO: Response Status 	: 200
[03-08-2022 13:03:57] PayPal\Core\PayPalHttpConnection : INFO: GET https://api.sandbox.paypal.com/v1/payments/billing-plans/P-23T0697792510142MMNQHWSY
[03-08-2022 13:03:57] PayPal\Core\PayPalHttpConnection : INFO: Response Status 	: 200
[03-08-2022 13:04:36] PayPal\Core\PayPalHttpConnection : INFO: POST https://api.sandbox.paypal.com/v1/oauth2/token
[03-08-2022 13:04:37] PayPal\Core\PayPalHttpConnection : INFO: Response Status 	: 200
[03-08-2022 13:04:37] PayPal\Core\PayPalHttpConnection : INFO: POST https://api.sandbox.paypal.com/v1/payments/billing-plans/
[03-08-2022 13:04:38] PayPal\Core\PayPalHttpConnection : INFO: Response Status 	: 201
[03-08-2022 13:04:38] PayPal\Core\PayPalHttpConnection : INFO: PATCH https://api.sandbox.paypal.com/v1/payments/billing-plans/P-19A92956TG196630XMNQSZRY
[03-08-2022 13:04:39] PayPal\Core\PayPalHttpConnection : INFO: Response Status 	: 200
[03-08-2022 13:04:39] PayPal\Core\PayPalHttpConnection : INFO: GET https://api.sandbox.paypal.com/v1/payments/billing-plans/P-19A92956TG196630XMNQSZRY
[03-08-2022 13:04:40] PayPal\Core\PayPalHttpConnection : INFO: Response Status 	: 200
[03-08-2022 13:23:31] PayPal\Core\PayPalHttpConnection : INFO: POST https://api.sandbox.paypal.com/v1/oauth2/token
[03-08-2022 13:26:00] PayPal\Core\PayPalHttpConnection : INFO: POST https://api.sandbox.paypal.com/v1/oauth2/token
[03-08-2022 13:26:01] PayPal\Core\PayPalHttpConnection : INFO: Response Status 	: 200
[03-08-2022 13:26:01] PayPal\Core\PayPalHttpConnection : INFO: POST https://api.sandbox.paypal.com/v1/payments/billing-plans/
[03-08-2022 13:26:02] PayPal\Core\PayPalHttpConnection : INFO: Response Status 	: 201
[03-08-2022 13:26:02] PayPal\Core\PayPalHttpConnection : INFO: PATCH https://api.sandbox.paypal.com/v1/payments/billing-plans/P-2E688330053965001MN2MGNI
[03-08-2022 13:26:03] PayPal\Core\PayPalHttpConnection : INFO: Response Status 	: 200
[03-08-2022 13:26:03] PayPal\Core\PayPalHttpConnection : INFO: GET https://api.sandbox.paypal.com/v1/payments/billing-plans/P-2E688330053965001MN2MGNI
[03-08-2022 13:26:03] PayPal\Core\PayPalHttpConnection : INFO: Response Status 	: 200
[03-08-2022 13:26:04] PayPal\Core\PayPalHttpConnection : INFO: POST https://api.sandbox.paypal.com/v1/payments/billing-agreements/
[03-08-2022 13:26:05] PayPal\Core\PayPalHttpConnection : INFO: Response Status 	: 400
[03-08-2022 13:26:05] PayPal\Core\PayPalHttpConnection : ERROR: Got Http response code 400 when accessing https://api.sandbox.paypal.com/v1/payments/billing-agreements/. {"name":"VALIDATION_ERROR","debug_id":"a0ad6ea64f1ad","message":"Invalid request. See details.","information_link":"https://developer.paypal.com/docs/api/payments.billing-agreements#errors","details":[{"field":"start_date","issue":"Agreement start date is required, should be valid and greater than the current date. Should be consistent with ISO 8601 Format"}]}
[03-08-2022 13:26:34] PayPal\Core\PayPalHttpConnection : INFO: POST https://api.sandbox.paypal.com/v1/oauth2/token
[03-08-2022 13:26:35] PayPal\Core\PayPalHttpConnection : INFO: Response Status 	: 200
[03-08-2022 13:26:35] PayPal\Core\PayPalHttpConnection : INFO: POST https://api.sandbox.paypal.com/v1/payments/billing-plans/
[03-08-2022 13:26:36] PayPal\Core\PayPalHttpConnection : INFO: Response Status 	: 201
[03-08-2022 13:26:36] PayPal\Core\PayPalHttpConnection : INFO: PATCH https://api.sandbox.paypal.com/v1/payments/billing-plans/P-09K517342M8955746MN2UUZI
[03-08-2022 13:26:37] PayPal\Core\PayPalHttpConnection : INFO: Response Status 	: 200
[03-08-2022 13:26:37] PayPal\Core\PayPalHttpConnection : INFO: GET https://api.sandbox.paypal.com/v1/payments/billing-plans/P-09K517342M8955746MN2UUZI
[03-08-2022 13:26:38] PayPal\Core\PayPalHttpConnection : INFO: Response Status 	: 200
[03-08-2022 13:26:38] PayPal\Core\PayPalHttpConnection : INFO: POST https://api.sandbox.paypal.com/v1/payments/billing-agreements/
[03-08-2022 13:26:39] PayPal\Core\PayPalHttpConnection : INFO: Response Status 	: 400
[03-08-2022 13:26:39] PayPal\Core\PayPalHttpConnection : ERROR: Got Http response code 400 when accessing https://api.sandbox.paypal.com/v1/payments/billing-agreements/. {"name":"VALIDATION_ERROR","debug_id":"a746ad9d1f4ae","message":"Invalid request. See details.","information_link":"https://developer.paypal.com/docs/api/payments.billing-agreements#errors","details":[{"field":"start_date","issue":"Agreement start date is required, should be valid and greater than the current date. Should be consistent with ISO 8601 Format"}]}
[03-08-2022 13:27:03] PayPal\Core\PayPalHttpConnection : INFO: POST https://api.sandbox.paypal.com/v1/oauth2/token
[03-08-2022 13:27:04] PayPal\Core\PayPalHttpConnection : INFO: Response Status 	: 200
[03-08-2022 13:27:04] PayPal\Core\PayPalHttpConnection : INFO: POST https://api.sandbox.paypal.com/v1/payments/billing-plans/
[03-08-2022 13:27:06] PayPal\Core\PayPalHttpConnection : INFO: Response Status 	: 201
[03-08-2022 13:27:06] PayPal\Core\PayPalHttpConnection : INFO: PATCH https://api.sandbox.paypal.com/v1/payments/billing-plans/P-1F421559TW1644748MN233EA
[03-08-2022 13:27:07] PayPal\Core\PayPalHttpConnection : INFO: Response Status 	: 200
[03-08-2022 13:27:07] PayPal\Core\PayPalHttpConnection : INFO: GET https://api.sandbox.paypal.com/v1/payments/billing-plans/P-1F421559TW1644748MN233EA
[03-08-2022 13:27:08] PayPal\Core\PayPalHttpConnection : INFO: Response Status 	: 200
[03-08-2022 13:27:08] PayPal\Core\PayPalHttpConnection : INFO: POST https://api.sandbox.paypal.com/v1/payments/billing-agreements/
[03-08-2022 13:27:08] PayPal\Core\PayPalHttpConnection : INFO: Response Status 	: 400
[03-08-2022 13:27:08] PayPal\Core\PayPalHttpConnection : ERROR: Got Http response code 400 when accessing https://api.sandbox.paypal.com/v1/payments/billing-agreements/. {"name":"VALIDATION_ERROR","debug_id":"8c775f4fbf4ad","message":"Invalid request. See details.","information_link":"https://developer.paypal.com/docs/api/payments.billing-agreements#errors","details":[{"field":"start_date","issue":"Agreement start date is required, should be valid and greater than the current date. Should be consistent with ISO 8601 Format"}]}
[03-08-2022 13:30:22] PayPal\Core\PayPalHttpConnection : INFO: POST https://api.sandbox.paypal.com/v1/oauth2/token
[03-08-2022 13:30:23] PayPal\Core\PayPalHttpConnection : INFO: Response Status 	: 200
[03-08-2022 13:30:23] PayPal\Core\PayPalHttpConnection : INFO: POST https://api.sandbox.paypal.com/v1/payments/billing-plans/
[03-08-2022 13:30:24] PayPal\Core\PayPalHttpConnection : INFO: Response Status 	: 201
[03-08-2022 13:30:24] PayPal\Core\PayPalHttpConnection : INFO: PATCH https://api.sandbox.paypal.com/v1/payments/billing-plans/P-8YD201326D717893SMN4MHLI
[03-08-2022 13:30:25] PayPal\Core\PayPalHttpConnection : INFO: Response Status 	: 200
[03-08-2022 13:30:25] PayPal\Core\PayPalHttpConnection : INFO: GET https://api.sandbox.paypal.com/v1/payments/billing-plans/P-8YD201326D717893SMN4MHLI
[03-08-2022 13:30:25] PayPal\Core\PayPalHttpConnection : INFO: Response Status 	: 200
[03-08-2022 13:30:25] PayPal\Core\PayPalHttpConnection : INFO: POST https://api.sandbox.paypal.com/v1/payments/billing-agreements/
[03-08-2022 13:30:26] PayPal\Core\PayPalHttpConnection : INFO: Response Status 	: 400
[03-08-2022 13:30:26] PayPal\Core\PayPalHttpConnection : ERROR: Got Http response code 400 when accessing https://api.sandbox.paypal.com/v1/payments/billing-agreements/. {"name":"VALIDATION_ERROR","debug_id":"f8139e198dafd","message":"Invalid request. See details.","information_link":"https://developer.paypal.com/docs/api/payments.billing-agreements#errors","details":[{"field":"start_date","issue":"Agreement start date is required, should be valid and greater than the current date. Should be consistent with ISO 8601 Format"}]}
[03-08-2022 14:04:41] PayPal\Core\PayPalHttpConnection : INFO: POST https://api.sandbox.paypal.com/v1/oauth2/token
[03-08-2022 14:04:43] PayPal\Core\PayPalHttpConnection : INFO: Response Status 	: 200
[03-08-2022 14:04:43] PayPal\Core\PayPalHttpConnection : INFO: POST https://api.sandbox.paypal.com/v1/payments/billing-plans/
[03-08-2022 14:04:44] PayPal\Core\PayPalHttpConnection : INFO: Response Status 	: 201
[03-08-2022 14:04:44] PayPal\Core\PayPalHttpConnection : INFO: PATCH https://api.sandbox.paypal.com/v1/payments/billing-plans/P-44U56680VE938801GMOMDJUA
[03-08-2022 14:04:45] PayPal\Core\PayPalHttpConnection : INFO: Response Status 	: 200
[03-08-2022 14:04:45] PayPal\Core\PayPalHttpConnection : INFO: GET https://api.sandbox.paypal.com/v1/payments/billing-plans/P-44U56680VE938801GMOMDJUA
[03-08-2022 14:04:46] PayPal\Core\PayPalHttpConnection : INFO: Response Status 	: 200
[03-08-2022 14:04:46] PayPal\Core\PayPalHttpConnection : INFO: POST https://api.sandbox.paypal.com/v1/payments/billing-agreements/
[03-08-2022 14:04:47] PayPal\Core\PayPalHttpConnection : INFO: Response Status 	: 400
[03-08-2022 14:04:47] PayPal\Core\PayPalHttpConnection : ERROR: Got Http response code 400 when accessing https://api.sandbox.paypal.com/v1/payments/billing-agreements/. {"name":"VALIDATION_ERROR","debug_id":"ccb4da6bd966e","message":"Invalid request. See details.","information_link":"https://developer.paypal.com/docs/api/payments.billing-agreements#errors","details":[{"field":"start_date","issue":"Agreement start date is required, should be valid and greater than the current date. Should be consistent with ISO 8601 Format"}]}
[03-08-2022 14:04:53] PayPal\Core\PayPalHttpConnection : INFO: POST https://api.sandbox.paypal.com/v1/oauth2/token
[03-08-2022 14:04:54] PayPal\Core\PayPalHttpConnection : INFO: Response Status 	: 200
[03-08-2022 14:04:54] PayPal\Core\PayPalHttpConnection : INFO: POST https://api.sandbox.paypal.com/v1/payments/billing-plans/
[03-08-2022 14:04:55] PayPal\Core\PayPalHttpConnection : INFO: Response Status 	: 201
[03-08-2022 14:04:55] PayPal\Core\PayPalHttpConnection : INFO: PATCH https://api.sandbox.paypal.com/v1/payments/billing-plans/P-15963513W21521056MOMF5YI
[03-08-2022 14:04:56] PayPal\Core\PayPalHttpConnection : INFO: Response Status 	: 200
[03-08-2022 14:04:56] PayPal\Core\PayPalHttpConnection : INFO: GET https://api.sandbox.paypal.com/v1/payments/billing-plans/P-15963513W21521056MOMF5YI
[03-08-2022 14:04:59] PayPal\Core\PayPalHttpConnection : INFO: Response Status 	: 200
[03-08-2022 14:04:59] PayPal\Core\PayPalHttpConnection : INFO: POST https://api.sandbox.paypal.com/v1/payments/billing-agreements/
[03-08-2022 14:05:01] PayPal\Core\PayPalHttpConnection : INFO: Response Status 	: 400
[03-08-2022 14:05:01] PayPal\Core\PayPalHttpConnection : ERROR: Got Http response code 400 when accessing https://api.sandbox.paypal.com/v1/payments/billing-agreements/. {"name":"VALIDATION_ERROR","debug_id":"9caeb28805520","message":"Invalid request. See details.","information_link":"https://developer.paypal.com/docs/api/payments.billing-agreements#errors","details":[{"field":"start_date","issue":"Agreement start date is required, should be valid and greater than the current date. Should be consistent with ISO 8601 Format"}]}
[03-08-2022 14:06:05] PayPal\Core\PayPalHttpConnection : INFO: POST https://api.sandbox.paypal.com/v1/oauth2/token
[03-08-2022 14:06:06] PayPal\Core\PayPalHttpConnection : INFO: Response Status 	: 200
[03-08-2022 14:06:06] PayPal\Core\PayPalHttpConnection : INFO: POST https://api.sandbox.paypal.com/v1/payments/billing-plans/
[03-08-2022 14:06:07] PayPal\Core\PayPalHttpConnection : INFO: Response Status 	: 201
[03-08-2022 14:06:07] PayPal\Core\PayPalHttpConnection : INFO: PATCH https://api.sandbox.paypal.com/v1/payments/billing-plans/P-2EC97191DF103701KMOMXRIQ
[03-08-2022 14:06:08] PayPal\Core\PayPalHttpConnection : INFO: Response Status 	: 200
[03-08-2022 14:06:08] PayPal\Core\PayPalHttpConnection : INFO: GET https://api.sandbox.paypal.com/v1/payments/billing-plans/P-2EC97191DF103701KMOMXRIQ
[03-08-2022 14:06:09] PayPal\Core\PayPalHttpConnection : INFO: Response Status 	: 200
[03-08-2022 14:06:09] PayPal\Core\PayPalHttpConnection : INFO: POST https://api.sandbox.paypal.com/v1/payments/billing-agreements/
[03-08-2022 14:06:10] PayPal\Core\PayPalHttpConnection : INFO: Response Status 	: 400
[03-08-2022 14:06:10] PayPal\Core\PayPalHttpConnection : ERROR: Got Http response code 400 when accessing https://api.sandbox.paypal.com/v1/payments/billing-agreements/. {"name":"VALIDATION_ERROR","debug_id":"cb08ddd53578e","message":"Invalid request. See details.","information_link":"https://developer.paypal.com/docs/api/payments.billing-agreements#errors","details":[{"field":"start_date","issue":"Agreement start date is required, should be valid and greater than the current date. Should be consistent with ISO 8601 Format"}]}
[03-08-2022 14:07:02] PayPal\Core\PayPalHttpConnection : INFO: POST https://api.sandbox.paypal.com/v1/oauth2/token
[03-08-2022 14:07:03] PayPal\Core\PayPalHttpConnection : INFO: Response Status 	: 200
[03-08-2022 14:07:03] PayPal\Core\PayPalHttpConnection : INFO: POST https://api.sandbox.paypal.com/v1/payments/billing-plans/
[03-08-2022 14:07:04] PayPal\Core\PayPalHttpConnection : INFO: Response Status 	: 201
[03-08-2022 14:07:04] PayPal\Core\PayPalHttpConnection : INFO: PATCH https://api.sandbox.paypal.com/v1/payments/billing-plans/P-62A06930833252747MONFNBY
[03-08-2022 14:07:05] PayPal\Core\PayPalHttpConnection : INFO: Response Status 	: 200
[03-08-2022 14:07:05] PayPal\Core\PayPalHttpConnection : INFO: GET https://api.sandbox.paypal.com/v1/payments/billing-plans/P-62A06930833252747MONFNBY
[03-08-2022 14:07:06] PayPal\Core\PayPalHttpConnection : INFO: Response Status 	: 200
[03-08-2022 14:08:27] PayPal\Core\PayPalHttpConnection : INFO: POST https://api.sandbox.paypal.com/v1/oauth2/token
[03-08-2022 14:08:29] PayPal\Core\PayPalHttpConnection : INFO: Response Status 	: 200
[03-08-2022 14:08:29] PayPal\Core\PayPalHttpConnection : INFO: POST https://api.sandbox.paypal.com/v1/payments/billing-plans/
[03-08-2022 14:08:30] PayPal\Core\PayPalHttpConnection : INFO: Response Status 	: 201
[03-08-2022 14:08:30] PayPal\Core\PayPalHttpConnection : INFO: PATCH https://api.sandbox.paypal.com/v1/payments/billing-plans/P-9LH83297MH742093PMON2KDI
[03-08-2022 14:08:31] PayPal\Core\PayPalHttpConnection : INFO: Response Status 	: 200
[03-08-2022 14:08:31] PayPal\Core\PayPalHttpConnection : INFO: GET https://api.sandbox.paypal.com/v1/payments/billing-plans/P-9LH83297MH742093PMON2KDI
[03-08-2022 14:08:32] PayPal\Core\PayPalHttpConnection : INFO: Response Status 	: 200
[03-08-2022 14:08:32] PayPal\Core\PayPalHttpConnection : INFO: POST https://api.sandbox.paypal.com/v1/payments/billing-agreements/
[03-08-2022 14:08:33] PayPal\Core\PayPalHttpConnection : INFO: Response Status 	: 400
[03-08-2022 14:08:33] PayPal\Core\PayPalHttpConnection : ERROR: Got Http response code 400 when accessing https://api.sandbox.paypal.com/v1/payments/billing-agreements/. {"name":"VALIDATION_ERROR","debug_id":"1d37ec915ce6d","message":"Invalid request. See details.","information_link":"https://developer.paypal.com/docs/api/payments.billing-agreements#errors","details":[{"field":"start_date","issue":"Agreement start date is required, should be valid and greater than the current date. Should be consistent with ISO 8601 Format"}]}
[03-08-2022 14:09:36] PayPal\Core\PayPalHttpConnection : INFO: POST https://api.sandbox.paypal.com/v1/oauth2/token
[03-08-2022 14:09:37] PayPal\Core\PayPalHttpConnection : INFO: Response Status 	: 200
[03-08-2022 14:09:37] PayPal\Core\PayPalHttpConnection : INFO: POST https://api.sandbox.paypal.com/v1/payments/billing-plans/
[03-08-2022 14:09:38] PayPal\Core\PayPalHttpConnection : INFO: Response Status 	: 201
[03-08-2022 14:09:38] PayPal\Core\PayPalHttpConnection : INFO: PATCH https://api.sandbox.paypal.com/v1/payments/billing-plans/P-6WU786601R231693AMOOLAYY
[03-08-2022 14:09:39] PayPal\Core\PayPalHttpConnection : INFO: Response Status 	: 200
[03-08-2022 14:09:39] PayPal\Core\PayPalHttpConnection : INFO: GET https://api.sandbox.paypal.com/v1/payments/billing-plans/P-6WU786601R231693AMOOLAYY
[03-08-2022 14:09:40] PayPal\Core\PayPalHttpConnection : INFO: Response Status 	: 200
[03-08-2022 14:09:40] PayPal\Core\PayPalHttpConnection : INFO: POST https://api.sandbox.paypal.com/v1/payments/billing-agreements/
[03-08-2022 14:09:41] PayPal\Core\PayPalHttpConnection : INFO: Response Status 	: 400
[03-08-2022 14:09:41] PayPal\Core\PayPalHttpConnection : ERROR: Got Http response code 400 when accessing https://api.sandbox.paypal.com/v1/payments/billing-agreements/. {"name":"VALIDATION_ERROR","debug_id":"5553e01f538b5","message":"Invalid request. See details.","information_link":"https://developer.paypal.com/docs/api/payments.billing-agreements#errors","details":[{"field":"start_date","issue":"Agreement start date is required, should be valid and greater than the current date. Should be consistent with ISO 8601 Format"}]}
[03-08-2022 14:10:04] PayPal\Core\PayPalHttpConnection : INFO: POST https://api.sandbox.paypal.com/v1/oauth2/token
[03-08-2022 14:10:06] PayPal\Core\PayPalHttpConnection : INFO: Response Status 	: 200
[03-08-2022 14:10:06] PayPal\Core\PayPalHttpConnection : INFO: POST https://api.sandbox.paypal.com/v1/payments/billing-plans/
[03-08-2022 14:10:07] PayPal\Core\PayPalHttpConnection : INFO: Response Status 	: 201
[03-08-2022 14:10:07] PayPal\Core\PayPalHttpConnection : INFO: PATCH https://api.sandbox.paypal.com/v1/payments/billing-plans/P-9BB193288K048324LMOOSAHA
[03-08-2022 14:10:08] PayPal\Core\PayPalHttpConnection : INFO: Response Status 	: 200
[03-08-2022 14:10:08] PayPal\Core\PayPalHttpConnection : INFO: GET https://api.sandbox.paypal.com/v1/payments/billing-plans/P-9BB193288K048324LMOOSAHA
[03-08-2022 14:10:09] PayPal\Core\PayPalHttpConnection : INFO: Response Status 	: 200
[03-08-2022 14:10:09] PayPal\Core\PayPalHttpConnection : INFO: POST https://api.sandbox.paypal.com/v1/payments/billing-agreements/
[03-08-2022 14:10:10] PayPal\Core\PayPalHttpConnection : INFO: Response Status 	: 400
[03-08-2022 14:10:10] PayPal\Core\PayPalHttpConnection : ERROR: Got Http response code 400 when accessing https://api.sandbox.paypal.com/v1/payments/billing-agreements/. {"name":"VALIDATION_ERROR","debug_id":"1489cf0773db4","message":"Invalid request. See details.","information_link":"https://developer.paypal.com/docs/api/payments.billing-agreements#errors","details":[{"field":"start_date","issue":"Agreement start date is required, should be valid and greater than the current date. Should be consistent with ISO 8601 Format"}]}
[03-08-2022 14:10:32] PayPal\Core\PayPalHttpConnection : INFO: POST https://api.sandbox.paypal.com/v1/oauth2/token
[03-08-2022 14:10:33] PayPal\Core\PayPalHttpConnection : INFO: Response Status 	: 200
[03-08-2022 14:10:33] PayPal\Core\PayPalHttpConnection : INFO: POST https://api.sandbox.paypal.com/v1/payments/billing-plans/
[03-08-2022 14:10:34] PayPal\Core\PayPalHttpConnection : INFO: Response Status 	: 201
[03-08-2022 14:10:34] PayPal\Core\PayPalHttpConnection : INFO: PATCH https://api.sandbox.paypal.com/v1/payments/billing-plans/P-6BT74189UU007583FMOOYZ4Y
[03-08-2022 14:10:35] PayPal\Core\PayPalHttpConnection : INFO: Response Status 	: 200
[03-08-2022 14:10:35] PayPal\Core\PayPalHttpConnection : INFO: GET https://api.sandbox.paypal.com/v1/payments/billing-plans/P-6BT74189UU007583FMOOYZ4Y
[03-08-2022 14:10:36] PayPal\Core\PayPalHttpConnection : INFO: Response Status 	: 200
[03-08-2022 14:10:36] PayPal\Core\PayPalHttpConnection : INFO: POST https://api.sandbox.paypal.com/v1/payments/billing-agreements/
[03-08-2022 14:10:37] PayPal\Core\PayPalHttpConnection : INFO: Response Status 	: 400
[03-08-2022 14:10:37] PayPal\Core\PayPalHttpConnection : ERROR: Got Http response code 400 when accessing https://api.sandbox.paypal.com/v1/payments/billing-agreements/. {"name":"VALIDATION_ERROR","debug_id":"b99cb4a38cdfc","message":"Invalid request. See details.","information_link":"https://developer.paypal.com/docs/api/payments.billing-agreements#errors","details":[{"field":"start_date","issue":"Agreement start date is required, should be valid and greater than the current date. Should be consistent with ISO 8601 Format"}]}
[03-08-2022 14:12:58] PayPal\Core\PayPalHttpConnection : INFO: POST https://api.sandbox.paypal.com/v1/oauth2/token
[03-08-2022 14:13:00] PayPal\Core\PayPalHttpConnection : INFO: Response Status 	: 200
[03-08-2022 14:13:00] PayPal\Core\PayPalHttpConnection : INFO: POST https://api.sandbox.paypal.com/v1/payments/billing-plans/
[03-08-2022 14:13:01] PayPal\Core\PayPalHttpConnection : INFO: Response Status 	: 201
[03-08-2022 14:13:01] PayPal\Core\PayPalHttpConnection : INFO: POST https://api.sandbox.paypal.com/v1/payments/billing-agreements/
[03-08-2022 14:13:05] PayPal\Core\PayPalHttpConnection : INFO: Response Status 	: 400
[03-08-2022 14:13:05] PayPal\Core\PayPalHttpConnection : ERROR: Got Http response code 400 when accessing https://api.sandbox.paypal.com/v1/payments/billing-agreements/. {"name":"VALIDATION_ERROR","debug_id":"64a9176a058e5","message":"Invalid request. See details.","information_link":"https://developer.paypal.com/docs/api/payments.billing-agreements#errors","details":[{"field":"start_date","issue":"Agreement start date is required, should be valid and greater than the current date. Should be consistent with ISO 8601 Format"}]}
[03-08-2022 14:25:19] PayPal\Core\PayPalHttpConnection : INFO: POST https://api.sandbox.paypal.com/v1/oauth2/token
[03-08-2022 14:25:27] PayPal\Core\PayPalHttpConnection : INFO: POST https://api.sandbox.paypal.com/v1/oauth2/token
[03-08-2022 14:25:27] PayPal\Core\PayPalHttpConnection : INFO: POST https://api.sandbox.paypal.com/v1/oauth2/token
[03-08-2022 14:25:27] PayPal\Core\PayPalHttpConnection : INFO: POST https://api.sandbox.paypal.com/v1/oauth2/token
[03-08-2022 14:25:27] PayPal\Core\PayPalHttpConnection : INFO: POST https://api.sandbox.paypal.com/v1/oauth2/token
[03-08-2022 14:25:28] PayPal\Core\PayPalHttpConnection : INFO: POST https://api.sandbox.paypal.com/v1/oauth2/token
[03-08-2022 14:25:51] PayPal\Core\PayPalHttpConnection : INFO: POST https://api.sandbox.paypal.com/v1/oauth2/token
[03-08-2022 16:54:19] PayPal\Core\PayPalHttpConnection : INFO: POST https://api.sandbox.paypal.com/v1/oauth2/token
[03-08-2022 16:54:20] PayPal\Core\PayPalHttpConnection : INFO: Response Status 	: 200
[03-08-2022 16:54:20] PayPal\Core\PayPalHttpConnection : INFO: POST https://api.sandbox.paypal.com/v1/payments/billing-plans/
[03-08-2022 16:54:21] PayPal\Core\PayPalHttpConnection : INFO: Response Status 	: 201
[03-08-2022 16:54:22] PayPal\Core\PayPalHttpConnection : INFO: PATCH https://api.sandbox.paypal.com/v1/payments/billing-plans/P-2LY77149LY140771VMQZX2SQ
[03-08-2022 16:54:23] PayPal\Core\PayPalHttpConnection : INFO: Response Status 	: 200
[03-08-2022 16:54:23] PayPal\Core\PayPalHttpConnection : INFO: GET https://api.sandbox.paypal.com/v1/payments/billing-plans/P-2LY77149LY140771VMQZX2SQ
[03-08-2022 16:54:24] PayPal\Core\PayPalHttpConnection : INFO: Response Status 	: 200
[03-08-2022 17:11:53] PayPal\Core\PayPalHttpConnection : INFO: POST https://api.sandbox.paypal.com/v1/oauth2/token
[03-08-2022 17:11:55] PayPal\Core\PayPalHttpConnection : INFO: Response Status 	: 200
[03-08-2022 17:11:55] PayPal\Core\PayPalHttpConnection : INFO: POST https://api.sandbox.paypal.com/v1/payments/billing-plans/
[03-08-2022 17:11:56] PayPal\Core\PayPalHttpConnection : INFO: Response Status 	: 201
[03-08-2022 17:11:56] PayPal\Core\PayPalHttpConnection : INFO: GET https://api.sandbox.paypal.com/v1/payments/billing-plans/P-2DU60696CM799525LMRBZLCI
[03-08-2022 17:11:57] PayPal\Core\PayPalHttpConnection : INFO: Response Status 	: 200
[03-08-2022 17:12:28] PayPal\Core\PayPalHttpConnection : INFO: POST https://api.sandbox.paypal.com/v1/oauth2/token
[03-08-2022 17:12:29] PayPal\Core\PayPalHttpConnection : INFO: Response Status 	: 200
[03-08-2022 17:12:29] PayPal\Core\PayPalHttpConnection : INFO: POST https://api.sandbox.paypal.com/v1/payments/billing-plans/
[03-08-2022 17:12:30] PayPal\Core\PayPalHttpConnection : INFO: Response Status 	: 201
[03-08-2022 17:12:30] PayPal\Core\PayPalHttpConnection : INFO: GET https://api.sandbox.paypal.com/v1/payments/billing-plans/P-5C793050YN1964154MRCBTPQ
[03-08-2022 17:12:31] PayPal\Core\PayPalHttpConnection : INFO: Response Status 	: 200
[03-08-2022 17:13:08] PayPal\Core\PayPalHttpConnection : INFO: POST https://api.sandbox.paypal.com/v1/oauth2/token
[03-08-2022 17:13:10] PayPal\Core\PayPalHttpConnection : INFO: Response Status 	: 200
[03-08-2022 17:13:10] PayPal\Core\PayPalHttpConnection : INFO: POST https://api.sandbox.paypal.com/v1/payments/billing-plans/
[03-08-2022 17:13:11] PayPal\Core\PayPalHttpConnection : INFO: Response Status 	: 201
[03-08-2022 17:13:11] PayPal\Core\PayPalHttpConnection : INFO: GET https://api.sandbox.paypal.com/v1/payments/billing-plans/P-1BN088011P8080645MRCLTMI
[03-08-2022 17:13:12] PayPal\Core\PayPalHttpConnection : INFO: Response Status 	: 200
[03-08-2022 17:13:46] PayPal\Core\PayPalHttpConnection : INFO: POST https://api.sandbox.paypal.com/v1/oauth2/token
[03-08-2022 17:13:47] PayPal\Core\PayPalHttpConnection : INFO: Response Status 	: 200
[03-08-2022 17:13:47] PayPal\Core\PayPalHttpConnection : INFO: POST https://api.sandbox.paypal.com/v1/payments/billing-plans/
[03-08-2022 17:13:48] PayPal\Core\PayPalHttpConnection : INFO: Response Status 	: 201
[03-08-2022 17:13:48] PayPal\Core\PayPalHttpConnection : INFO: GET https://api.sandbox.paypal.com/v1/payments/billing-plans/P-9M850837F7165883JMRCUZCY
[03-08-2022 17:13:50] PayPal\Core\PayPalHttpConnection : INFO: Response Status 	: 200
[03-08-2022 17:14:13] PayPal\Core\PayPalHttpConnection : INFO: POST https://api.sandbox.paypal.com/v1/oauth2/token
[03-08-2022 17:14:14] PayPal\Core\PayPalHttpConnection : INFO: Response Status 	: 200
[03-08-2022 17:14:14] PayPal\Core\PayPalHttpConnection : INFO: POST https://api.sandbox.paypal.com/v1/payments/billing-plans/
[03-08-2022 17:14:16] PayPal\Core\PayPalHttpConnection : INFO: Response Status 	: 201
[03-08-2022 17:14:16] PayPal\Core\PayPalHttpConnection : INFO: GET https://api.sandbox.paypal.com/v1/payments/billing-plans/P-67C5128136318274UMRC3OMA
[03-08-2022 17:14:17] PayPal\Core\PayPalHttpConnection : INFO: Response Status 	: 200
[03-08-2022 17:27:55] PayPal\Core\PayPalHttpConnection : INFO: POST https://api.sandbox.paypal.com/v1/oauth2/token
[03-08-2022 17:27:56] PayPal\Core\PayPalHttpConnection : INFO: Response Status 	: 200
[03-08-2022 17:27:56] PayPal\Core\PayPalHttpConnection : INFO: POST https://api.sandbox.paypal.com/v1/payments/billing-plans/
[03-08-2022 17:27:57] PayPal\Core\PayPalHttpConnection : INFO: Response Status 	: 201
[03-08-2022 17:27:57] PayPal\Core\PayPalHttpConnection : INFO: GET https://api.sandbox.paypal.com/v1/payments/billing-plans/P-07N60180CX869923PMRJECFQ
[03-08-2022 17:27:58] PayPal\Core\PayPalHttpConnection : INFO: Response Status 	: 200
[03-08-2022 17:27:58] PayPal\Core\PayPalHttpConnection : INFO: PATCH https://api.sandbox.paypal.com/v1/payments/billing-plans/P-07N60180CX869923PMRJECFQ
[03-08-2022 17:28:00] PayPal\Core\PayPalHttpConnection : INFO: Response Status 	: 200
[03-08-2022 17:28:00] PayPal\Core\PayPalHttpConnection : INFO: GET https://api.sandbox.paypal.com/v1/payments/billing-plans/P-07N60180CX869923PMRJECFQ
[03-08-2022 17:28:01] PayPal\Core\PayPalHttpConnection : INFO: Response Status 	: 200
[03-08-2022 17:34:41] PayPal\Core\PayPalHttpConnection : INFO: POST https://api.sandbox.paypal.com/v1/oauth2/token
[03-08-2022 17:34:42] PayPal\Core\PayPalHttpConnection : INFO: Response Status 	: 200
[03-08-2022 17:34:42] PayPal\Core\PayPalHttpConnection : INFO: POST https://api.sandbox.paypal.com/v1/payments/billing-plans/
[03-08-2022 17:34:43] PayPal\Core\PayPalHttpConnection : INFO: Response Status 	: 201
[03-08-2022 17:34:43] PayPal\Core\PayPalHttpConnection : INFO: GET https://api.sandbox.paypal.com/v1/payments/billing-plans/P-2WK50326B6883230XMRMHETI
[03-08-2022 17:34:44] PayPal\Core\PayPalHttpConnection : INFO: Response Status 	: 200
[03-08-2022 17:34:44] PayPal\Core\PayPalHttpConnection : INFO: PATCH https://api.sandbox.paypal.com/v1/payments/billing-plans/P-2WK50326B6883230XMRMHETI
[03-08-2022 17:34:45] PayPal\Core\PayPalHttpConnection : INFO: Response Status 	: 200
[03-08-2022 17:34:45] PayPal\Core\PayPalHttpConnection : INFO: GET https://api.sandbox.paypal.com/v1/payments/billing-plans/P-2WK50326B6883230XMRMHETI
[03-08-2022 17:34:46] PayPal\Core\PayPalHttpConnection : INFO: Response Status 	: 200
[03-08-2022 17:34:46] PayPal\Core\PayPalHttpConnection : INFO: POST https://api.sandbox.paypal.com/v1/payments/billing-agreements/
[03-08-2022 17:34:47] PayPal\Core\PayPalHttpConnection : INFO: Response Status 	: 400
[03-08-2022 17:34:47] PayPal\Core\PayPalHttpConnection : ERROR: Got Http response code 400 when accessing https://api.sandbox.paypal.com/v1/payments/billing-agreements/. {"name":"VALIDATION_ERROR","debug_id":"59249ab4f9469","message":"Invalid request. See details.","information_link":"https://developer.paypal.com/docs/api/payments.billing-agreements#errors","details":[{"field":"start_date","issue":"Agreement start date is required, should be valid and greater than the current date. Should be consistent with ISO 8601 Format"}]}
[03-08-2022 17:36:59] PayPal\Core\PayPalHttpConnection : INFO: POST https://api.sandbox.paypal.com/v1/oauth2/token
[03-08-2022 17:37:03] PayPal\Core\PayPalHttpConnection : INFO: Response Status 	: 200
[03-08-2022 17:37:03] PayPal\Core\PayPalHttpConnection : INFO: POST https://api.sandbox.paypal.com/v1/payments/billing-plans/
[03-08-2022 17:37:04] PayPal\Core\PayPalHttpConnection : INFO: Response Status 	: 201
[03-08-2022 17:37:04] PayPal\Core\PayPalHttpConnection : INFO: GET https://api.sandbox.paypal.com/v1/payments/billing-plans/P-12X42799Y3843104FMRNJSMA
[03-08-2022 17:37:05] PayPal\Core\PayPalHttpConnection : INFO: Response Status 	: 200
[03-08-2022 17:37:05] PayPal\Core\PayPalHttpConnection : INFO: PATCH https://api.sandbox.paypal.com/v1/payments/billing-plans/P-12X42799Y3843104FMRNJSMA
[03-08-2022 17:37:06] PayPal\Core\PayPalHttpConnection : INFO: Response Status 	: 200
[03-08-2022 17:37:06] PayPal\Core\PayPalHttpConnection : INFO: GET https://api.sandbox.paypal.com/v1/payments/billing-plans/P-12X42799Y3843104FMRNJSMA
[03-08-2022 17:37:07] PayPal\Core\PayPalHttpConnection : INFO: Response Status 	: 200
[03-08-2022 17:37:07] PayPal\Core\PayPalHttpConnection : INFO: POST https://api.sandbox.paypal.com/v1/payments/billing-agreements/
[03-08-2022 17:37:08] PayPal\Core\PayPalHttpConnection : INFO: Response Status 	: 400
[03-08-2022 17:37:08] PayPal\Core\PayPalHttpConnection : ERROR: Got Http response code 400 when accessing https://api.sandbox.paypal.com/v1/payments/billing-agreements/. {"name":"VALIDATION_ERROR","debug_id":"b07bbf4e0188d","message":"Invalid request. See details.","information_link":"https://developer.paypal.com/docs/api/payments.billing-agreements#errors","details":[{"field":"start_date","issue":"Agreement start date is required, should be valid and greater than the current date. Should be consistent with ISO 8601 Format"}]}
[03-08-2022 17:37:55] PayPal\Core\PayPalHttpConnection : INFO: POST https://api.sandbox.paypal.com/v1/oauth2/token
[03-08-2022 17:37:57] PayPal\Core\PayPalHttpConnection : INFO: Response Status 	: 200
[03-08-2022 17:37:57] PayPal\Core\PayPalHttpConnection : INFO: POST https://api.sandbox.paypal.com/v1/payments/billing-plans/
[03-08-2022 17:37:58] PayPal\Core\PayPalHttpConnection : INFO: Response Status 	: 201
[03-08-2022 17:37:58] PayPal\Core\PayPalHttpConnection : INFO: GET https://api.sandbox.paypal.com/v1/payments/billing-plans/P-13P01741KH9586521MRNWVLY
[03-08-2022 17:37:59] PayPal\Core\PayPalHttpConnection : INFO: Response Status 	: 200
[03-08-2022 17:37:59] PayPal\Core\PayPalHttpConnection : INFO: PATCH https://api.sandbox.paypal.com/v1/payments/billing-plans/P-13P01741KH9586521MRNWVLY
[03-08-2022 17:38:00] PayPal\Core\PayPalHttpConnection : INFO: Response Status 	: 200
[03-08-2022 17:38:00] PayPal\Core\PayPalHttpConnection : INFO: GET https://api.sandbox.paypal.com/v1/payments/billing-plans/P-13P01741KH9586521MRNWVLY
[03-08-2022 17:38:01] PayPal\Core\PayPalHttpConnection : INFO: Response Status 	: 200
[03-08-2022 17:38:01] PayPal\Core\PayPalHttpConnection : INFO: POST https://api.sandbox.paypal.com/v1/payments/billing-agreements/
[03-08-2022 17:38:02] PayPal\Core\PayPalHttpConnection : INFO: Response Status 	: 400
[03-08-2022 17:38:02] PayPal\Core\PayPalHttpConnection : ERROR: Got Http response code 400 when accessing https://api.sandbox.paypal.com/v1/payments/billing-agreements/. {"name":"VALIDATION_ERROR","debug_id":"26340d8a77052","message":"Invalid request. See details.","information_link":"https://developer.paypal.com/docs/api/payments.billing-agreements#errors","details":[{"field":"start_date","issue":"Agreement start date is required, should be valid and greater than the current date. Should be consistent with ISO 8601 Format"}]}
[03-08-2022 17:42:22] PayPal\Core\PayPalHttpConnection : INFO: POST https://api.sandbox.paypal.com/v1/oauth2/token
[03-08-2022 17:42:23] PayPal\Core\PayPalHttpConnection : INFO: Response Status 	: 200
[03-08-2022 17:42:23] PayPal\Core\PayPalHttpConnection : INFO: POST https://api.sandbox.paypal.com/v1/payments/billing-plans/
[03-08-2022 17:42:25] PayPal\Core\PayPalHttpConnection : INFO: Response Status 	: 201
[03-08-2022 17:42:25] PayPal\Core\PayPalHttpConnection : INFO: GET https://api.sandbox.paypal.com/v1/payments/billing-plans/P-0VH074743P2642029MRPX36A
[03-08-2022 17:42:26] PayPal\Core\PayPalHttpConnection : INFO: Response Status 	: 200
[03-08-2022 17:42:26] PayPal\Core\PayPalHttpConnection : INFO: PATCH https://api.sandbox.paypal.com/v1/payments/billing-plans/P-0VH074743P2642029MRPX36A
[03-08-2022 17:42:27] PayPal\Core\PayPalHttpConnection : INFO: Response Status 	: 200
[03-08-2022 17:42:27] PayPal\Core\PayPalHttpConnection : INFO: GET https://api.sandbox.paypal.com/v1/payments/billing-plans/P-0VH074743P2642029MRPX36A
[03-08-2022 17:42:28] PayPal\Core\PayPalHttpConnection : INFO: Response Status 	: 200
[03-08-2022 17:42:28] PayPal\Core\PayPalHttpConnection : INFO: POST https://api.sandbox.paypal.com/v1/payments/billing-agreements/
[03-08-2022 17:42:29] PayPal\Core\PayPalHttpConnection : INFO: Response Status 	: 400
[03-08-2022 17:42:29] PayPal\Core\PayPalHttpConnection : ERROR: Got Http response code 400 when accessing https://api.sandbox.paypal.com/v1/payments/billing-agreements/. {"name":"VALIDATION_ERROR","debug_id":"45df4be4576b","message":"Invalid request. See details.","information_link":"https://developer.paypal.com/docs/api/payments.billing-agreements#errors","details":[{"field":"start_date","issue":"Agreement start date is required, should be valid and greater than the current date. Should be consistent with ISO 8601 Format"}]}
[03-08-2022 17:44:36] PayPal\Core\PayPalHttpConnection : INFO: POST https://api.sandbox.paypal.com/v1/oauth2/token
[03-08-2022 17:44:37] PayPal\Core\PayPalHttpConnection : INFO: Response Status 	: 200
[03-08-2022 17:44:37] PayPal\Core\PayPalHttpConnection : INFO: POST https://api.sandbox.paypal.com/v1/payments/billing-plans/
[03-08-2022 17:44:38] PayPal\Core\PayPalHttpConnection : INFO: Response Status 	: 201
[03-08-2022 17:44:38] PayPal\Core\PayPalHttpConnection : INFO: GET https://api.sandbox.paypal.com/v1/payments/billing-plans/P-657863502K3307701MRQYMMA
[03-08-2022 17:44:39] PayPal\Core\PayPalHttpConnection : INFO: Response Status 	: 200
[03-08-2022 17:44:39] PayPal\Core\PayPalHttpConnection : INFO: PATCH https://api.sandbox.paypal.com/v1/payments/billing-plans/P-657863502K3307701MRQYMMA
[03-08-2022 17:44:40] PayPal\Core\PayPalHttpConnection : INFO: Response Status 	: 200
[03-08-2022 17:44:40] PayPal\Core\PayPalHttpConnection : INFO: GET https://api.sandbox.paypal.com/v1/payments/billing-plans/P-657863502K3307701MRQYMMA
[03-08-2022 17:44:41] PayPal\Core\PayPalHttpConnection : INFO: Response Status 	: 200
[03-08-2022 17:44:41] PayPal\Core\PayPalHttpConnection : INFO: POST https://api.sandbox.paypal.com/v1/payments/billing-agreements/
[03-08-2022 17:44:42] PayPal\Core\PayPalHttpConnection : INFO: Response Status 	: 400
[03-08-2022 17:44:42] PayPal\Core\PayPalHttpConnection : ERROR: Got Http response code 400 when accessing https://api.sandbox.paypal.com/v1/payments/billing-agreements/. {"name":"VALIDATION_ERROR","debug_id":"582e977c8fe51","message":"Invalid request. See details.","information_link":"https://developer.paypal.com/docs/api/payments.billing-agreements#errors","details":[{"field":"start_date","issue":"Agreement start date is required, should be valid and greater than the current date. Should be consistent with ISO 8601 Format"}]}
[03-08-2022 17:48:50] PayPal\Core\PayPalHttpConnection : INFO: POST https://api.sandbox.paypal.com/v1/oauth2/token
[03-08-2022 17:48:51] PayPal\Core\PayPalHttpConnection : INFO: Response Status 	: 200
[03-08-2022 17:48:51] PayPal\Core\PayPalHttpConnection : INFO: POST https://api.sandbox.paypal.com/v1/payments/billing-plans/
[03-08-2022 17:48:53] PayPal\Core\PayPalHttpConnection : INFO: Response Status 	: 201
[03-08-2022 17:48:53] PayPal\Core\PayPalHttpConnection : INFO: GET https://api.sandbox.paypal.com/v1/payments/billing-plans/P-7R077164HG742951GMRSWSCQ
[03-08-2022 17:48:55] PayPal\Core\PayPalHttpConnection : INFO: Response Status 	: 200
[03-08-2022 17:48:55] PayPal\Core\PayPalHttpConnection : INFO: PATCH https://api.sandbox.paypal.com/v1/payments/billing-plans/P-7R077164HG742951GMRSWSCQ
[03-08-2022 17:48:56] PayPal\Core\PayPalHttpConnection : INFO: Response Status 	: 200
[03-08-2022 17:48:56] PayPal\Core\PayPalHttpConnection : INFO: GET https://api.sandbox.paypal.com/v1/payments/billing-plans/P-7R077164HG742951GMRSWSCQ
[03-08-2022 17:48:57] PayPal\Core\PayPalHttpConnection : INFO: Response Status 	: 200
[03-08-2022 17:48:57] PayPal\Core\PayPalHttpConnection : INFO: POST https://api.sandbox.paypal.com/v1/payments/billing-agreements/
[03-08-2022 17:49:01] PayPal\Core\PayPalHttpConnection : INFO: Response Status 	: 400
[03-08-2022 17:49:01] PayPal\Core\PayPalHttpConnection : ERROR: Got Http response code 400 when accessing https://api.sandbox.paypal.com/v1/payments/billing-agreements/. {"name":"VALIDATION_ERROR","debug_id":"43f30ae25794d","message":"Invalid request. See details.","information_link":"https://developer.paypal.com/docs/api/payments.billing-agreements#errors","details":[{"field":"start_date","issue":"Agreement start date is required, should be valid and greater than the current date. Should be consistent with ISO 8601 Format"}]}
[03-08-2022 17:50:26] PayPal\Core\PayPalHttpConnection : INFO: POST https://api.sandbox.paypal.com/v1/oauth2/token
[03-08-2022 17:50:27] PayPal\Core\PayPalHttpConnection : INFO: Response Status 	: 200
[03-08-2022 17:50:27] PayPal\Core\PayPalHttpConnection : INFO: POST https://api.sandbox.paypal.com/v1/payments/billing-plans/
[03-08-2022 17:50:28] PayPal\Core\PayPalHttpConnection : INFO: Response Status 	: 201
[03-08-2022 17:50:28] PayPal\Core\PayPalHttpConnection : INFO: GET https://api.sandbox.paypal.com/v1/payments/billing-plans/P-7XN614088G2800900MRTN4PY
[03-08-2022 17:50:29] PayPal\Core\PayPalHttpConnection : INFO: Response Status 	: 200
[03-08-2022 17:50:29] PayPal\Core\PayPalHttpConnection : INFO: PATCH https://api.sandbox.paypal.com/v1/payments/billing-plans/P-7XN614088G2800900MRTN4PY
[03-08-2022 17:50:30] PayPal\Core\PayPalHttpConnection : INFO: Response Status 	: 200
[03-08-2022 17:50:30] PayPal\Core\PayPalHttpConnection : INFO: GET https://api.sandbox.paypal.com/v1/payments/billing-plans/P-7XN614088G2800900MRTN4PY
[03-08-2022 17:50:31] PayPal\Core\PayPalHttpConnection : INFO: Response Status 	: 200
[03-08-2022 17:50:31] PayPal\Core\PayPalHttpConnection : INFO: POST https://api.sandbox.paypal.com/v1/payments/billing-agreements/
[03-08-2022 17:50:32] PayPal\Core\PayPalHttpConnection : INFO: Response Status 	: 400
[03-08-2022 17:50:32] PayPal\Core\PayPalHttpConnection : ERROR: Got Http response code 400 when accessing https://api.sandbox.paypal.com/v1/payments/billing-agreements/. {"name":"VALIDATION_ERROR","debug_id":"8dca3ba80356e","message":"Invalid request. See details.","information_link":"https://developer.paypal.com/docs/api/payments.billing-agreements#errors","details":[{"field":"start_date","issue":"Agreement start date is required, should be valid and greater than the current date. Should be consistent with ISO 8601 Format"}]}
[03-08-2022 17:53:08] PayPal\Core\PayPalHttpConnection : INFO: POST https://api.sandbox.paypal.com/v1/oauth2/token
[03-08-2022 17:53:12] PayPal\Core\PayPalHttpConnection : INFO: Response Status 	: 200
[03-08-2022 17:53:12] PayPal\Core\PayPalHttpConnection : INFO: POST https://api.sandbox.paypal.com/v1/payments/billing-plans/
[03-08-2022 17:53:13] PayPal\Core\PayPalHttpConnection : INFO: Response Status 	: 201
[03-08-2022 17:53:13] PayPal\Core\PayPalHttpConnection : INFO: GET https://api.sandbox.paypal.com/v1/payments/billing-plans/P-7CE74599T4770260CMRUWEMY
[03-08-2022 17:53:14] PayPal\Core\PayPalHttpConnection : INFO: Response Status 	: 200
[03-08-2022 17:53:14] PayPal\Core\PayPalHttpConnection : INFO: PATCH https://api.sandbox.paypal.com/v1/payments/billing-plans/P-7CE74599T4770260CMRUWEMY
[03-08-2022 17:53:15] PayPal\Core\PayPalHttpConnection : INFO: Response Status 	: 200
[03-08-2022 17:53:15] PayPal\Core\PayPalHttpConnection : INFO: GET https://api.sandbox.paypal.com/v1/payments/billing-plans/P-7CE74599T4770260CMRUWEMY
[03-08-2022 17:53:16] PayPal\Core\PayPalHttpConnection : INFO: Response Status 	: 200
[03-08-2022 17:53:16] PayPal\Core\PayPalHttpConnection : INFO: POST https://api.sandbox.paypal.com/v1/payments/billing-agreements/
[03-08-2022 17:53:17] PayPal\Core\PayPalHttpConnection : INFO: Response Status 	: 400
[03-08-2022 17:53:17] PayPal\Core\PayPalHttpConnection : ERROR: Got Http response code 400 when accessing https://api.sandbox.paypal.com/v1/payments/billing-agreements/. {"name":"VALIDATION_ERROR","debug_id":"d194706c39367","message":"Invalid request. See details.","information_link":"https://developer.paypal.com/docs/api/payments.billing-agreements#errors","details":[{"field":"start_date","issue":"Agreement start date is required, should be valid and greater than the current date. Should be consistent with ISO 8601 Format"}]}
[03-08-2022 17:54:46] PayPal\Core\PayPalHttpConnection : INFO: POST https://api.sandbox.paypal.com/v1/oauth2/token
[03-08-2022 17:54:47] PayPal\Core\PayPalHttpConnection : INFO: Response Status 	: 200
[03-08-2022 17:54:47] PayPal\Core\PayPalHttpConnection : INFO: POST https://api.sandbox.paypal.com/v1/payments/billing-plans/
[03-08-2022 17:54:48] PayPal\Core\PayPalHttpConnection : INFO: Response Status 	: 201
[03-08-2022 17:54:48] PayPal\Core\PayPalHttpConnection : INFO: GET https://api.sandbox.paypal.com/v1/payments/billing-plans/P-1MV04922UE1520006MRVNMTY
[03-08-2022 17:54:49] PayPal\Core\PayPalHttpConnection : INFO: Response Status 	: 200
[03-08-2022 17:54:49] PayPal\Core\PayPalHttpConnection : INFO: PATCH https://api.sandbox.paypal.com/v1/payments/billing-plans/P-1MV04922UE1520006MRVNMTY
[03-08-2022 17:54:50] PayPal\Core\PayPalHttpConnection : INFO: Response Status 	: 200
[03-08-2022 17:54:50] PayPal\Core\PayPalHttpConnection : INFO: GET https://api.sandbox.paypal.com/v1/payments/billing-plans/P-1MV04922UE1520006MRVNMTY
[03-08-2022 17:54:51] PayPal\Core\PayPalHttpConnection : INFO: Response Status 	: 200
[03-08-2022 17:54:51] PayPal\Core\PayPalHttpConnection : INFO: POST https://api.sandbox.paypal.com/v1/payments/billing-agreements/
[03-08-2022 17:54:52] PayPal\Core\PayPalHttpConnection : INFO: Response Status 	: 400
[03-08-2022 17:54:52] PayPal\Core\PayPalHttpConnection : ERROR: Got Http response code 400 when accessing https://api.sandbox.paypal.com/v1/payments/billing-agreements/. {"name":"VALIDATION_ERROR","debug_id":"4ed719455a451","message":"Invalid request. See details.","information_link":"https://developer.paypal.com/docs/api/payments.billing-agreements#errors","details":[{"field":"start_date","issue":"Agreement start date is required, should be valid and greater than the current date. Should be consistent with ISO 8601 Format"}]}
[03-08-2022 17:58:46] PayPal\Core\PayPalHttpConnection : INFO: POST https://api.sandbox.paypal.com/v1/oauth2/token
[03-08-2022 17:58:47] PayPal\Core\PayPalHttpConnection : INFO: Response Status 	: 200
[03-08-2022 17:58:47] PayPal\Core\PayPalHttpConnection : INFO: POST https://api.sandbox.paypal.com/v1/payments/billing-plans/
[03-08-2022 17:58:48] PayPal\Core\PayPalHttpConnection : INFO: Response Status 	: 201
[03-08-2022 17:58:48] PayPal\Core\PayPalHttpConnection : INFO: GET https://api.sandbox.paypal.com/v1/payments/billing-plans/P-8P847958LT613915KMRXH3OA
[03-08-2022 17:58:49] PayPal\Core\PayPalHttpConnection : INFO: Response Status 	: 200
[03-08-2022 17:58:49] PayPal\Core\PayPalHttpConnection : INFO: PATCH https://api.sandbox.paypal.com/v1/payments/billing-plans/P-8P847958LT613915KMRXH3OA
[03-08-2022 17:58:50] PayPal\Core\PayPalHttpConnection : INFO: Response Status 	: 200
[03-08-2022 17:58:50] PayPal\Core\PayPalHttpConnection : INFO: GET https://api.sandbox.paypal.com/v1/payments/billing-plans/P-8P847958LT613915KMRXH3OA
[03-08-2022 17:58:51] PayPal\Core\PayPalHttpConnection : INFO: Response Status 	: 200
[03-08-2022 17:58:51] PayPal\Core\PayPalHttpConnection : INFO: POST https://api.sandbox.paypal.com/v1/payments/billing-agreements/
[03-08-2022 17:58:52] PayPal\Core\PayPalHttpConnection : INFO: Response Status 	: 201
[03-08-2022 18:00:14] PayPal\Core\PayPalHttpConnection : INFO: POST https://api.sandbox.paypal.com/v1/oauth2/token
[03-08-2022 18:00:16] PayPal\Core\PayPalHttpConnection : INFO: Response Status 	: 200
[03-08-2022 18:00:16] PayPal\Core\PayPalHttpConnection : INFO: POST https://api.sandbox.paypal.com/v1/payments/billing-agreements/EC-2A013628R65082100/agreement-execute
[03-08-2022 18:00:18] PayPal\Core\PayPalHttpConnection : INFO: Response Status 	: 200
[03-08-2022 18:00:18] PayPal\Core\PayPalHttpConnection : INFO: GET https://api.sandbox.paypal.com/v1/payments/billing-agreements/I-KTD7Y8AL7HEM
[03-08-2022 18:00:19] PayPal\Core\PayPalHttpConnection : INFO: Response Status 	: 200
[03-08-2022 18:04:04] PayPal\Core\PayPalHttpConnection : INFO: POST https://api.sandbox.paypal.com/v1/oauth2/token
[03-08-2022 18:04:05] PayPal\Core\PayPalHttpConnection : INFO: Response Status 	: 200
[03-08-2022 18:04:05] PayPal\Core\PayPalHttpConnection : INFO: POST https://api.sandbox.paypal.com/v1/payments/billing-plans/
[03-08-2022 18:04:06] PayPal\Core\PayPalHttpConnection : INFO: Response Status 	: 201
[03-08-2022 18:04:06] PayPal\Core\PayPalHttpConnection : INFO: GET https://api.sandbox.paypal.com/v1/payments/billing-plans/P-4J133620DH7905357MRZVUWI
[03-08-2022 18:04:07] PayPal\Core\PayPalHttpConnection : INFO: Response Status 	: 200
[03-08-2022 18:04:07] PayPal\Core\PayPalHttpConnection : INFO: PATCH https://api.sandbox.paypal.com/v1/payments/billing-plans/P-4J133620DH7905357MRZVUWI
[03-08-2022 18:04:08] PayPal\Core\PayPalHttpConnection : INFO: Response Status 	: 200
[03-08-2022 18:04:08] PayPal\Core\PayPalHttpConnection : INFO: GET https://api.sandbox.paypal.com/v1/payments/billing-plans/P-4J133620DH7905357MRZVUWI
[03-08-2022 18:04:09] PayPal\Core\PayPalHttpConnection : INFO: Response Status 	: 200
[03-08-2022 18:04:09] PayPal\Core\PayPalHttpConnection : INFO: POST https://api.sandbox.paypal.com/v1/payments/billing-agreements/
[03-08-2022 18:04:13] PayPal\Core\PayPalHttpConnection : INFO: Response Status 	: 201
[03-08-2022 18:04:44] PayPal\Core\PayPalHttpConnection : INFO: POST https://api.sandbox.paypal.com/v1/oauth2/token
[03-08-2022 18:04:45] PayPal\Core\PayPalHttpConnection : INFO: Response Status 	: 200
[03-08-2022 18:04:45] PayPal\Core\PayPalHttpConnection : INFO: POST https://api.sandbox.paypal.com/v1/payments/billing-agreements/EC-1A409610HM947764L/agreement-execute
[03-08-2022 18:04:46] PayPal\Core\PayPalHttpConnection : INFO: Response Status 	: 200
[03-08-2022 18:04:46] PayPal\Core\PayPalHttpConnection : INFO: GET https://api.sandbox.paypal.com/v1/payments/billing-agreements/I-08G11MVULTKR
[03-08-2022 18:04:47] PayPal\Core\PayPalHttpConnection : INFO: Response Status 	: 200
[03-08-2022 18:16:01] PayPal\Core\PayPalHttpConnection : INFO: POST https://api.sandbox.paypal.com/v1/oauth2/token
[03-08-2022 18:16:03] PayPal\Core\PayPalHttpConnection : INFO: Response Status 	: 200
[03-08-2022 18:16:04] PayPal\Core\PayPalHttpConnection : INFO: POST https://api.sandbox.paypal.com/v1/payments/billing-plans/
[03-08-2022 18:16:04] PayPal\Core\PayPalHttpConnection : INFO: Response Status 	: 201
[03-08-2022 18:16:04] PayPal\Core\PayPalHttpConnection : INFO: GET https://api.sandbox.paypal.com/v1/payments/billing-plans/P-0KV924771H306260WMR7FAMY
[03-08-2022 18:16:05] PayPal\Core\PayPalHttpConnection : INFO: Response Status 	: 200
[03-08-2022 18:16:05] PayPal\Core\PayPalHttpConnection : INFO: PATCH https://api.sandbox.paypal.com/v1/payments/billing-plans/P-0KV924771H306260WMR7FAMY
[03-08-2022 18:16:06] PayPal\Core\PayPalHttpConnection : INFO: Response Status 	: 200
[03-08-2022 18:16:06] PayPal\Core\PayPalHttpConnection : INFO: GET https://api.sandbox.paypal.com/v1/payments/billing-plans/P-0KV924771H306260WMR7FAMY
[03-08-2022 18:16:07] PayPal\Core\PayPalHttpConnection : INFO: Response Status 	: 200
[03-08-2022 18:16:07] PayPal\Core\PayPalHttpConnection : INFO: POST https://api.sandbox.paypal.com/v1/payments/billing-agreements/
[03-08-2022 18:16:08] PayPal\Core\PayPalHttpConnection : INFO: Response Status 	: 201
[03-08-2022 18:17:26] PayPal\Core\PayPalHttpConnection : INFO: POST https://api.sandbox.paypal.com/v1/oauth2/token
[03-08-2022 18:17:27] PayPal\Core\PayPalHttpConnection : INFO: Response Status 	: 200
[03-08-2022 18:17:27] PayPal\Core\PayPalHttpConnection : INFO: POST https://api.sandbox.paypal.com/v1/payments/billing-agreements/EC-37Y62764EG6392047/agreement-execute
[03-08-2022 18:17:28] PayPal\Core\PayPalHttpConnection : INFO: Response Status 	: 200
[03-08-2022 18:17:28] PayPal\Core\PayPalHttpConnection : INFO: GET https://api.sandbox.paypal.com/v1/payments/billing-agreements/I-2DJBXFTYU5H7
[03-08-2022 18:17:29] PayPal\Core\PayPalHttpConnection : INFO: Response Status 	: 200
[03-08-2022 18:32:14] PayPal\Core\PayPalHttpConnection : INFO: POST https://api.sandbox.paypal.com/v1/oauth2/token
[03-08-2022 18:32:30] PayPal\Core\PayPalHttpConnection : INFO: POST https://api.sandbox.paypal.com/v1/oauth2/token
[03-08-2022 18:32:53] PayPal\Core\PayPalHttpConnection : INFO: POST https://api.sandbox.paypal.com/v1/oauth2/token
[03-08-2022 18:33:28] PayPal\Core\PayPalHttpConnection : INFO: POST https://api.sandbox.paypal.com/v1/oauth2/token
[03-08-2022 18:33:41] PayPal\Core\PayPalHttpConnection : INFO: POST https://api.sandbox.paypal.com/v1/oauth2/token
[03-08-2022 18:34:27] PayPal\Core\PayPalHttpConnection : INFO: POST https://api.sandbox.paypal.com/v1/oauth2/token
[03-08-2022 18:34:47] PayPal\Core\PayPalHttpConnection : INFO: POST https://api.sandbox.paypal.com/v1/oauth2/token
[03-08-2022 18:35:09] PayPal\Core\PayPalHttpConnection : INFO: POST https://api.sandbox.paypal.com/v1/oauth2/token
[04-08-2022 09:32:12] PayPal\Core\PayPalHttpConnection : INFO: POST https://api.sandbox.paypal.com/v1/oauth2/token
[04-08-2022 09:38:24] PayPal\Core\PayPalHttpConnection : INFO: POST https://api.sandbox.paypal.com/v1/oauth2/token
[04-08-2022 09:43:30] PayPal\Core\PayPalHttpConnection : INFO: POST https://api.sandbox.paypal.com/v1/oauth2/token
[04-08-2022 09:43:31] PayPal\Core\PayPalHttpConnection : INFO: POST https://api.sandbox.paypal.com/v1/oauth2/token
[04-08-2022 09:43:54] PayPal\Core\PayPalHttpConnection : INFO: POST https://api.sandbox.paypal.com/v1/oauth2/token
[04-08-2022 09:43:54] PayPal\Core\PayPalHttpConnection : INFO: POST https://api.sandbox.paypal.com/v1/oauth2/token
[04-08-2022 09:43:55] PayPal\Core\PayPalHttpConnection : INFO: POST https://api.sandbox.paypal.com/v1/oauth2/token
[04-08-2022 09:43:55] PayPal\Core\PayPalHttpConnection : INFO: POST https://api.sandbox.paypal.com/v1/oauth2/token
[04-08-2022 09:43:55] PayPal\Core\PayPalHttpConnection : INFO: POST https://api.sandbox.paypal.com/v1/oauth2/token
[04-08-2022 09:43:55] PayPal\Core\PayPalHttpConnection : INFO: POST https://api.sandbox.paypal.com/v1/oauth2/token
[04-08-2022 09:43:55] PayPal\Core\PayPalHttpConnection : INFO: POST https://api.sandbox.paypal.com/v1/oauth2/token
[04-08-2022 09:44:21] PayPal\Core\PayPalHttpConnection : INFO: POST https://api.sandbox.paypal.com/v1/oauth2/token
[04-08-2022 09:44:28] PayPal\Core\PayPalHttpConnection : INFO: POST https://api.sandbox.paypal.com/v1/oauth2/token
[04-08-2022 09:45:41] PayPal\Core\PayPalHttpConnection : INFO: POST https://api.sandbox.paypal.com/v1/oauth2/token
[04-08-2022 09:45:41] PayPal\Core\PayPalHttpConnection : INFO: POST https://api.sandbox.paypal.com/v1/oauth2/token
[04-08-2022 09:45:42] PayPal\Core\PayPalHttpConnection : INFO: POST https://api.sandbox.paypal.com/v1/oauth2/token
[04-08-2022 18:27:32] PayPal\Core\PayPalHttpConnection : INFO: POST https://api.sandbox.paypal.com/v1/oauth2/token
[04-08-2022 18:27:43] PayPal\Core\PayPalHttpConnection : INFO: Response Status 	: 200
[04-08-2022 18:27:43] PayPal\Core\PayPalHttpConnection : INFO: POST https://api.sandbox.paypal.com/v1/payments/billing-plans/
[04-08-2022 18:27:44] PayPal\Core\PayPalHttpConnection : INFO: Response Status 	: 201
[04-08-2022 18:27:49] PayPal\Core\PayPalHttpConnection : INFO: GET https://api.sandbox.paypal.com/v1/payments/billing-plans/P-1BG40773RB487132TNGXTFWQ
[04-08-2022 18:27:50] PayPal\Core\PayPalHttpConnection : INFO: Response Status 	: 200
[04-08-2022 18:27:50] PayPal\Core\PayPalHttpConnection : INFO: PATCH https://api.sandbox.paypal.com/v1/payments/billing-plans/P-1BG40773RB487132TNGXTFWQ
[04-08-2022 18:27:51] PayPal\Core\PayPalHttpConnection : INFO: Response Status 	: 200
[04-08-2022 18:27:51] PayPal\Core\PayPalHttpConnection : INFO: GET https://api.sandbox.paypal.com/v1/payments/billing-plans/P-1BG40773RB487132TNGXTFWQ
[04-08-2022 18:27:52] PayPal\Core\PayPalHttpConnection : INFO: Response Status 	: 200
[04-08-2022 18:27:53] PayPal\Core\PayPalHttpConnection : INFO: POST https://api.sandbox.paypal.com/v1/payments/billing-agreements/
[04-08-2022 18:27:54] PayPal\Core\PayPalHttpConnection : INFO: Response Status 	: 201
[04-08-2022 18:32:45] PayPal\Core\PayPalHttpConnection : INFO: POST https://api.sandbox.paypal.com/v1/oauth2/token
[04-08-2022 18:32:47] PayPal\Core\PayPalHttpConnection : INFO: Response Status 	: 200
[04-08-2022 18:32:47] PayPal\Core\PayPalHttpConnection : INFO: POST https://api.sandbox.paypal.com/v1/payments/billing-plans/
[04-08-2022 18:32:48] PayPal\Core\PayPalHttpConnection : INFO: Response Status 	: 201
[04-08-2022 18:32:48] PayPal\Core\PayPalHttpConnection : INFO: GET https://api.sandbox.paypal.com/v1/payments/billing-plans/P-9V071809HB112690SNGZ5K2A
[04-08-2022 18:32:50] PayPal\Core\PayPalHttpConnection : INFO: Response Status 	: 200
[04-08-2022 18:32:50] PayPal\Core\PayPalHttpConnection : INFO: PATCH https://api.sandbox.paypal.com/v1/payments/billing-plans/P-9V071809HB112690SNGZ5K2A
[04-08-2022 18:32:51] PayPal\Core\PayPalHttpConnection : INFO: Response Status 	: 200
[04-08-2022 18:32:51] PayPal\Core\PayPalHttpConnection : INFO: GET https://api.sandbox.paypal.com/v1/payments/billing-plans/P-9V071809HB112690SNGZ5K2A
[04-08-2022 18:32:52] PayPal\Core\PayPalHttpConnection : INFO: Response Status 	: 200
[04-08-2022 18:32:52] PayPal\Core\PayPalHttpConnection : INFO: POST https://api.sandbox.paypal.com/v1/payments/billing-agreements/
[04-08-2022 18:32:54] PayPal\Core\PayPalHttpConnection : INFO: Response Status 	: 400
[04-08-2022 18:32:54] PayPal\Core\PayPalHttpConnection : ERROR: Got Http response code 400 when accessing https://api.sandbox.paypal.com/v1/payments/billing-agreements/. {"name":"VALIDATION_ERROR","debug_id":"46d0b890a81f3","message":"Invalid request. See details.","information_link":"https://developer.paypal.com/docs/api/payments.billing-agreements#errors","details":[{"field":"start_date","issue":"Agreement start date is required, should be valid and greater than the current date. Should be consistent with ISO 8601 Format"}]}
[04-08-2022 18:32:54] PayPal\Core\PayPalHttpConnection : INFO: POST https://api.sandbox.paypal.com/v1/oauth2/token
[04-08-2022 18:32:56] PayPal\Core\PayPalHttpConnection : INFO: Response Status 	: 200
[04-08-2022 18:32:56] PayPal\Core\PayPalHttpConnection : INFO: POST https://api.sandbox.paypal.com/v1/payments/billing-plans/
[04-08-2022 18:32:58] PayPal\Core\PayPalHttpConnection : INFO: Response Status 	: 201
[04-08-2022 18:32:58] PayPal\Core\PayPalHttpConnection : INFO: GET https://api.sandbox.paypal.com/v1/payments/billing-plans/P-08270907AU5728736NGZ7VPQ
[04-08-2022 18:32:59] PayPal\Core\PayPalHttpConnection : INFO: Response Status 	: 200
[04-08-2022 18:32:59] PayPal\Core\PayPalHttpConnection : INFO: PATCH https://api.sandbox.paypal.com/v1/payments/billing-plans/P-08270907AU5728736NGZ7VPQ
[04-08-2022 18:33:00] PayPal\Core\PayPalHttpConnection : INFO: Response Status 	: 200
[04-08-2022 18:33:00] PayPal\Core\PayPalHttpConnection : INFO: GET https://api.sandbox.paypal.com/v1/payments/billing-plans/P-08270907AU5728736NGZ7VPQ
[04-08-2022 18:33:01] PayPal\Core\PayPalHttpConnection : INFO: Response Status 	: 200
[04-08-2022 18:33:01] PayPal\Core\PayPalHttpConnection : INFO: POST https://api.sandbox.paypal.com/v1/payments/billing-agreements/
[04-08-2022 18:33:02] PayPal\Core\PayPalHttpConnection : INFO: Response Status 	: 400
[04-08-2022 18:33:02] PayPal\Core\PayPalHttpConnection : ERROR: Got Http response code 400 when accessing https://api.sandbox.paypal.com/v1/payments/billing-agreements/. {"name":"VALIDATION_ERROR","debug_id":"37e5bb4ce2d26","message":"Invalid request. See details.","information_link":"https://developer.paypal.com/docs/api/payments.billing-agreements#errors","details":[{"field":"start_date","issue":"Agreement start date is required, should be valid and greater than the current date. Should be consistent with ISO 8601 Format"}]}
[04-08-2022 18:33:04] PayPal\Core\PayPalHttpConnection : INFO: POST https://api.sandbox.paypal.com/v1/oauth2/token
[04-08-2022 18:33:06] PayPal\Core\PayPalHttpConnection : INFO: Response Status 	: 200
[04-08-2022 18:33:06] PayPal\Core\PayPalHttpConnection : INFO: POST https://api.sandbox.paypal.com/v1/payments/billing-plans/
[04-08-2022 18:33:07] PayPal\Core\PayPalHttpConnection : INFO: Response Status 	: 201
[04-08-2022 18:33:07] PayPal\Core\PayPalHttpConnection : INFO: GET https://api.sandbox.paypal.com/v1/payments/billing-plans/P-4EN33255LU691462SNG2B4TQ
[04-08-2022 18:33:08] PayPal\Core\PayPalHttpConnection : INFO: Response Status 	: 200
[04-08-2022 18:33:08] PayPal\Core\PayPalHttpConnection : INFO: PATCH https://api.sandbox.paypal.com/v1/payments/billing-plans/P-4EN33255LU691462SNG2B4TQ
[04-08-2022 18:33:09] PayPal\Core\PayPalHttpConnection : INFO: Response Status 	: 200
[04-08-2022 18:33:09] PayPal\Core\PayPalHttpConnection : INFO: GET https://api.sandbox.paypal.com/v1/payments/billing-plans/P-4EN33255LU691462SNG2B4TQ
[04-08-2022 18:33:10] PayPal\Core\PayPalHttpConnection : INFO: Response Status 	: 200
[04-08-2022 18:33:10] PayPal\Core\PayPalHttpConnection : INFO: POST https://api.sandbox.paypal.com/v1/payments/billing-agreements/
[04-08-2022 18:33:12] PayPal\Core\PayPalHttpConnection : INFO: Response Status 	: 400
[04-08-2022 18:33:12] PayPal\Core\PayPalHttpConnection : ERROR: Got Http response code 400 when accessing https://api.sandbox.paypal.com/v1/payments/billing-agreements/. {"name":"VALIDATION_ERROR","debug_id":"b9602aa8763d7","message":"Invalid request. See details.","information_link":"https://developer.paypal.com/docs/api/payments.billing-agreements#errors","details":[{"field":"start_date","issue":"Agreement start date is required, should be valid and greater than the current date. Should be consistent with ISO 8601 Format"}]}
[04-08-2022 18:33:16] PayPal\Core\PayPalHttpConnection : INFO: POST https://api.sandbox.paypal.com/v1/oauth2/token
[04-08-2022 18:33:17] PayPal\Core\PayPalHttpConnection : INFO: Response Status 	: 200
[04-08-2022 18:33:17] PayPal\Core\PayPalHttpConnection : INFO: POST https://api.sandbox.paypal.com/v1/payments/billing-plans/
[04-08-2022 18:33:19] PayPal\Core\PayPalHttpConnection : INFO: Response Status 	: 201
[04-08-2022 18:33:19] PayPal\Core\PayPalHttpConnection : INFO: GET https://api.sandbox.paypal.com/v1/payments/billing-plans/P-97L14213EY032141RNG2E3II
[04-08-2022 18:33:20] PayPal\Core\PayPalHttpConnection : INFO: Response Status 	: 200
[04-08-2022 18:33:20] PayPal\Core\PayPalHttpConnection : INFO: PATCH https://api.sandbox.paypal.com/v1/payments/billing-plans/P-97L14213EY032141RNG2E3II
[04-08-2022 18:33:21] PayPal\Core\PayPalHttpConnection : INFO: Response Status 	: 200
[04-08-2022 18:33:21] PayPal\Core\PayPalHttpConnection : INFO: GET https://api.sandbox.paypal.com/v1/payments/billing-plans/P-97L14213EY032141RNG2E3II
[04-08-2022 18:33:22] PayPal\Core\PayPalHttpConnection : INFO: Response Status 	: 200
[04-08-2022 18:33:22] PayPal\Core\PayPalHttpConnection : INFO: POST https://api.sandbox.paypal.com/v1/payments/billing-agreements/
[04-08-2022 18:33:23] PayPal\Core\PayPalHttpConnection : INFO: Response Status 	: 400
[04-08-2022 18:33:23] PayPal\Core\PayPalHttpConnection : ERROR: Got Http response code 400 when accessing https://api.sandbox.paypal.com/v1/payments/billing-agreements/. {"name":"VALIDATION_ERROR","debug_id":"ec2d167a6e0df","message":"Invalid request. See details.","information_link":"https://developer.paypal.com/docs/api/payments.billing-agreements#errors","details":[{"field":"start_date","issue":"Agreement start date is required, should be valid and greater than the current date. Should be consistent with ISO 8601 Format"}]}
[04-08-2022 18:36:16] PayPal\Core\PayPalHttpConnection : INFO: POST https://api.sandbox.paypal.com/v1/oauth2/token
[04-08-2022 18:36:17] PayPal\Core\PayPalHttpConnection : INFO: Response Status 	: 200
[04-08-2022 18:36:17] PayPal\Core\PayPalHttpConnection : INFO: POST https://api.sandbox.paypal.com/v1/payments/billing-plans/
[04-08-2022 18:36:18] PayPal\Core\PayPalHttpConnection : INFO: Response Status 	: 201
[04-08-2022 18:36:18] PayPal\Core\PayPalHttpConnection : INFO: GET https://api.sandbox.paypal.com/v1/payments/billing-plans/P-3N2865417Y152341ENG3QS5I
[04-08-2022 18:36:19] PayPal\Core\PayPalHttpConnection : INFO: Response Status 	: 200
[04-08-2022 18:36:19] PayPal\Core\PayPalHttpConnection : INFO: PATCH https://api.sandbox.paypal.com/v1/payments/billing-plans/P-3N2865417Y152341ENG3QS5I
[04-08-2022 18:36:20] PayPal\Core\PayPalHttpConnection : INFO: Response Status 	: 200
[04-08-2022 18:36:20] PayPal\Core\PayPalHttpConnection : INFO: GET https://api.sandbox.paypal.com/v1/payments/billing-plans/P-3N2865417Y152341ENG3QS5I
[04-08-2022 18:36:21] PayPal\Core\PayPalHttpConnection : INFO: Response Status 	: 200
[04-08-2022 18:36:21] PayPal\Core\PayPalHttpConnection : INFO: POST https://api.sandbox.paypal.com/v1/payments/billing-agreements/
[04-08-2022 18:36:23] PayPal\Core\PayPalHttpConnection : INFO: Response Status 	: 201
[04-08-2022 18:54:56] PayPal\Core\PayPalHttpConnection : INFO: POST https://api.sandbox.paypal.com/v1/oauth2/token
[04-08-2022 18:54:58] PayPal\Core\PayPalHttpConnection : INFO: Response Status 	: 200
[04-08-2022 18:54:58] PayPal\Core\PayPalHttpConnection : INFO: POST https://api.sandbox.paypal.com/v1/payments/billing-plans/
[04-08-2022 18:54:59] PayPal\Core\PayPalHttpConnection : INFO: Response Status 	: 201
[04-08-2022 18:54:59] PayPal\Core\PayPalHttpConnection : INFO: GET https://api.sandbox.paypal.com/v1/payments/billing-plans/P-6D024088L5311815FNHECKJQ
[04-08-2022 18:55:00] PayPal\Core\PayPalHttpConnection : INFO: Response Status 	: 200
[04-08-2022 18:55:00] PayPal\Core\PayPalHttpConnection : INFO: PATCH https://api.sandbox.paypal.com/v1/payments/billing-plans/P-6D024088L5311815FNHECKJQ
[04-08-2022 18:55:02] PayPal\Core\PayPalHttpConnection : INFO: Response Status 	: 200
[04-08-2022 18:55:02] PayPal\Core\PayPalHttpConnection : INFO: GET https://api.sandbox.paypal.com/v1/payments/billing-plans/P-6D024088L5311815FNHECKJQ
[04-08-2022 18:55:03] PayPal\Core\PayPalHttpConnection : INFO: Response Status 	: 200
[04-08-2022 18:55:03] PayPal\Core\PayPalHttpConnection : INFO: POST https://api.sandbox.paypal.com/v1/payments/billing-agreements/
[04-08-2022 18:55:04] PayPal\Core\PayPalHttpConnection : INFO: Response Status 	: 400
[04-08-2022 18:55:04] PayPal\Core\PayPalHttpConnection : ERROR: Got Http response code 400 when accessing https://api.sandbox.paypal.com/v1/payments/billing-agreements/. {"name":"VALIDATION_ERROR","debug_id":"dc5b1e2cbd306","message":"Invalid request. See details.","information_link":"https://developer.paypal.com/docs/api/payments.billing-agreements#errors","details":[{"field":"start_date","issue":"Agreement start date is required, should be valid and greater than the current date. Should be consistent with ISO 8601 Format"}]}
[04-08-2022 18:55:04] PayPal\Core\PayPalHttpConnection : INFO: POST https://api.sandbox.paypal.com/v1/oauth2/token
[04-08-2022 18:55:06] PayPal\Core\PayPalHttpConnection : INFO: Response Status 	: 200
[04-08-2022 18:55:06] PayPal\Core\PayPalHttpConnection : INFO: POST https://api.sandbox.paypal.com/v1/payments/billing-plans/
[04-08-2022 18:55:07] PayPal\Core\PayPalHttpConnection : INFO: Response Status 	: 201
[04-08-2022 18:55:07] PayPal\Core\PayPalHttpConnection : INFO: GET https://api.sandbox.paypal.com/v1/payments/billing-plans/P-6A8752761C6857444NHEEKYQ
[04-08-2022 18:55:08] PayPal\Core\PayPalHttpConnection : INFO: Response Status 	: 200
[04-08-2022 18:55:08] PayPal\Core\PayPalHttpConnection : INFO: PATCH https://api.sandbox.paypal.com/v1/payments/billing-plans/P-6A8752761C6857444NHEEKYQ
[04-08-2022 18:55:10] PayPal\Core\PayPalHttpConnection : INFO: Response Status 	: 200
[04-08-2022 18:55:10] PayPal\Core\PayPalHttpConnection : INFO: GET https://api.sandbox.paypal.com/v1/payments/billing-plans/P-6A8752761C6857444NHEEKYQ
[04-08-2022 18:55:11] PayPal\Core\PayPalHttpConnection : INFO: Response Status 	: 200
[04-08-2022 18:55:11] PayPal\Core\PayPalHttpConnection : INFO: POST https://api.sandbox.paypal.com/v1/payments/billing-agreements/
[04-08-2022 18:55:12] PayPal\Core\PayPalHttpConnection : INFO: Response Status 	: 400
[04-08-2022 18:55:12] PayPal\Core\PayPalHttpConnection : ERROR: Got Http response code 400 when accessing https://api.sandbox.paypal.com/v1/payments/billing-agreements/. {"name":"VALIDATION_ERROR","debug_id":"689d78bbda4ad","message":"Invalid request. See details.","information_link":"https://developer.paypal.com/docs/api/payments.billing-agreements#errors","details":[{"field":"start_date","issue":"Agreement start date is required, should be valid and greater than the current date. Should be consistent with ISO 8601 Format"}]}
[04-08-2022 18:55:19] PayPal\Core\PayPalHttpConnection : INFO: POST https://api.sandbox.paypal.com/v1/oauth2/token
[04-08-2022 18:55:20] PayPal\Core\PayPalHttpConnection : INFO: Response Status 	: 200
[04-08-2022 18:55:20] PayPal\Core\PayPalHttpConnection : INFO: POST https://api.sandbox.paypal.com/v1/payments/billing-plans/
[04-08-2022 18:55:21] PayPal\Core\PayPalHttpConnection : INFO: Response Status 	: 201
[04-08-2022 18:55:21] PayPal\Core\PayPalHttpConnection : INFO: GET https://api.sandbox.paypal.com/v1/payments/billing-plans/P-28N16422XF488684PNHEHVOQ
[04-08-2022 18:55:22] PayPal\Core\PayPalHttpConnection : INFO: Response Status 	: 200
[04-08-2022 18:55:22] PayPal\Core\PayPalHttpConnection : INFO: PATCH https://api.sandbox.paypal.com/v1/payments/billing-plans/P-28N16422XF488684PNHEHVOQ
[04-08-2022 18:55:23] PayPal\Core\PayPalHttpConnection : INFO: Response Status 	: 200
[04-08-2022 18:55:23] PayPal\Core\PayPalHttpConnection : INFO: GET https://api.sandbox.paypal.com/v1/payments/billing-plans/P-28N16422XF488684PNHEHVOQ
[04-08-2022 18:55:24] PayPal\Core\PayPalHttpConnection : INFO: Response Status 	: 200
[04-08-2022 18:55:24] PayPal\Core\PayPalHttpConnection : INFO: POST https://api.sandbox.paypal.com/v1/payments/billing-agreements/
[04-08-2022 18:55:26] PayPal\Core\PayPalHttpConnection : INFO: Response Status 	: 400
[04-08-2022 18:55:26] PayPal\Core\PayPalHttpConnection : ERROR: Got Http response code 400 when accessing https://api.sandbox.paypal.com/v1/payments/billing-agreements/. {"name":"VALIDATION_ERROR","debug_id":"27ace6ea48130","message":"Invalid request. See details.","information_link":"https://developer.paypal.com/docs/api/payments.billing-agreements#errors","details":[{"field":"start_date","issue":"Agreement start date is required, should be valid and greater than the current date. Should be consistent with ISO 8601 Format"}]}
[04-08-2022 18:56:09] PayPal\Core\PayPalHttpConnection : INFO: POST https://api.sandbox.paypal.com/v1/oauth2/token
[04-08-2022 18:56:09] PayPal\Core\PayPalHttpConnection : INFO: Response Status 	: 200
[04-08-2022 18:56:09] PayPal\Core\PayPalHttpConnection : INFO: POST https://api.sandbox.paypal.com/v1/payments/billing-plans/
[04-08-2022 18:56:11] PayPal\Core\PayPalHttpConnection : INFO: Response Status 	: 201
[04-08-2022 18:56:11] PayPal\Core\PayPalHttpConnection : INFO: GET https://api.sandbox.paypal.com/v1/payments/billing-plans/P-2BJ078115R969183PNHETY4Q
[04-08-2022 18:56:12] PayPal\Core\PayPalHttpConnection : INFO: Response Status 	: 200
[04-08-2022 18:56:12] PayPal\Core\PayPalHttpConnection : INFO: PATCH https://api.sandbox.paypal.com/v1/payments/billing-plans/P-2BJ078115R969183PNHETY4Q
[04-08-2022 18:56:13] PayPal\Core\PayPalHttpConnection : INFO: Response Status 	: 200
[04-08-2022 18:56:13] PayPal\Core\PayPalHttpConnection : INFO: GET https://api.sandbox.paypal.com/v1/payments/billing-plans/P-2BJ078115R969183PNHETY4Q
[04-08-2022 18:56:14] PayPal\Core\PayPalHttpConnection : INFO: Response Status 	: 200
[04-08-2022 18:56:14] PayPal\Core\PayPalHttpConnection : INFO: POST https://api.sandbox.paypal.com/v1/payments/billing-agreements/
[04-08-2022 18:56:15] PayPal\Core\PayPalHttpConnection : INFO: Response Status 	: 400
[04-08-2022 18:56:15] PayPal\Core\PayPalHttpConnection : ERROR: Got Http response code 400 when accessing https://api.sandbox.paypal.com/v1/payments/billing-agreements/. {"name":"VALIDATION_ERROR","debug_id":"994ce7f22e876","message":"Invalid request. See details.","information_link":"https://developer.paypal.com/docs/api/payments.billing-agreements#errors","details":[{"field":"start_date","issue":"Agreement start date is required, should be valid and greater than the current date. Should be consistent with ISO 8601 Format"}]}
[04-08-2022 18:57:15] PayPal\Core\PayPalHttpConnection : INFO: POST https://api.sandbox.paypal.com/v1/oauth2/token
[04-08-2022 18:57:17] PayPal\Core\PayPalHttpConnection : INFO: Response Status 	: 200
[04-08-2022 18:57:17] PayPal\Core\PayPalHttpConnection : INFO: POST https://api.sandbox.paypal.com/v1/payments/billing-plans/
[04-08-2022 18:57:18] PayPal\Core\PayPalHttpConnection : INFO: Response Status 	: 201
[04-08-2022 18:57:19] PayPal\Core\PayPalHttpConnection : INFO: GET https://api.sandbox.paypal.com/v1/payments/billing-plans/P-0H284841NP3072547NHFEJNQ
[04-08-2022 18:57:20] PayPal\Core\PayPalHttpConnection : INFO: Response Status 	: 200
[04-08-2022 18:57:20] PayPal\Core\PayPalHttpConnection : INFO: PATCH https://api.sandbox.paypal.com/v1/payments/billing-plans/P-0H284841NP3072547NHFEJNQ
[04-08-2022 18:57:21] PayPal\Core\PayPalHttpConnection : INFO: Response Status 	: 200
[04-08-2022 18:57:21] PayPal\Core\PayPalHttpConnection : INFO: GET https://api.sandbox.paypal.com/v1/payments/billing-plans/P-0H284841NP3072547NHFEJNQ
[04-08-2022 18:57:22] PayPal\Core\PayPalHttpConnection : INFO: Response Status 	: 200
[04-08-2022 18:57:24] PayPal\Core\PayPalHttpConnection : INFO: POST https://api.sandbox.paypal.com/v1/payments/billing-agreements/
[04-08-2022 18:57:25] PayPal\Core\PayPalHttpConnection : INFO: Response Status 	: 400
[04-08-2022 18:57:25] PayPal\Core\PayPalHttpConnection : ERROR: Got Http response code 400 when accessing https://api.sandbox.paypal.com/v1/payments/billing-agreements/. {"name":"VALIDATION_ERROR","debug_id":"46941a9d8ca6c","message":"Invalid request. See details.","information_link":"https://developer.paypal.com/docs/api/payments.billing-agreements#errors","details":[{"field":"start_date","issue":"Agreement start date is required, should be valid and greater than the current date. Should be consistent with ISO 8601 Format"}]}
[04-08-2022 18:57:44] PayPal\Core\PayPalHttpConnection : INFO: POST https://api.sandbox.paypal.com/v1/oauth2/token
[04-08-2022 18:57:46] PayPal\Core\PayPalHttpConnection : INFO: Response Status 	: 200
[04-08-2022 18:57:46] PayPal\Core\PayPalHttpConnection : INFO: POST https://api.sandbox.paypal.com/v1/payments/billing-plans/
[04-08-2022 18:57:47] PayPal\Core\PayPalHttpConnection : INFO: Response Status 	: 201
[04-08-2022 18:57:47] PayPal\Core\PayPalHttpConnection : INFO: GET https://api.sandbox.paypal.com/v1/payments/billing-plans/P-31070864Y87536036NHFLKPY
[04-08-2022 18:57:48] PayPal\Core\PayPalHttpConnection : INFO: Response Status 	: 200
[04-08-2022 18:57:48] PayPal\Core\PayPalHttpConnection : INFO: PATCH https://api.sandbox.paypal.com/v1/payments/billing-plans/P-31070864Y87536036NHFLKPY
[04-08-2022 18:57:49] PayPal\Core\PayPalHttpConnection : INFO: Response Status 	: 200
[04-08-2022 18:57:49] PayPal\Core\PayPalHttpConnection : INFO: GET https://api.sandbox.paypal.com/v1/payments/billing-plans/P-31070864Y87536036NHFLKPY
[04-08-2022 18:57:50] PayPal\Core\PayPalHttpConnection : INFO: Response Status 	: 200
[04-08-2022 18:57:50] PayPal\Core\PayPalHttpConnection : INFO: POST https://api.sandbox.paypal.com/v1/payments/billing-agreements/
[04-08-2022 18:57:51] PayPal\Core\PayPalHttpConnection : INFO: Response Status 	: 400
[04-08-2022 18:57:51] PayPal\Core\PayPalHttpConnection : ERROR: Got Http response code 400 when accessing https://api.sandbox.paypal.com/v1/payments/billing-agreements/. {"name":"VALIDATION_ERROR","debug_id":"f28c3634681c6","message":"Invalid request. See details.","information_link":"https://developer.paypal.com/docs/api/payments.billing-agreements#errors","details":[{"field":"start_date","issue":"Agreement start date is required, should be valid and greater than the current date. Should be consistent with ISO 8601 Format"}]}
[04-08-2022 18:59:03] PayPal\Core\PayPalHttpConnection : INFO: POST https://api.sandbox.paypal.com/v1/oauth2/token
[04-08-2022 18:59:04] PayPal\Core\PayPalHttpConnection : INFO: Response Status 	: 200
[04-08-2022 18:59:04] PayPal\Core\PayPalHttpConnection : INFO: POST https://api.sandbox.paypal.com/v1/payments/billing-plans/
[04-08-2022 18:59:05] PayPal\Core\PayPalHttpConnection : INFO: Response Status 	: 201
[04-08-2022 18:59:05] PayPal\Core\PayPalHttpConnection : INFO: GET https://api.sandbox.paypal.com/v1/payments/billing-plans/P-16V88949WV455325MNHF6KGI
[04-08-2022 18:59:06] PayPal\Core\PayPalHttpConnection : INFO: Response Status 	: 200
[04-08-2022 18:59:06] PayPal\Core\PayPalHttpConnection : INFO: PATCH https://api.sandbox.paypal.com/v1/payments/billing-plans/P-16V88949WV455325MNHF6KGI
[04-08-2022 18:59:07] PayPal\Core\PayPalHttpConnection : INFO: Response Status 	: 200
[04-08-2022 18:59:07] PayPal\Core\PayPalHttpConnection : INFO: GET https://api.sandbox.paypal.com/v1/payments/billing-plans/P-16V88949WV455325MNHF6KGI
[04-08-2022 18:59:08] PayPal\Core\PayPalHttpConnection : INFO: Response Status 	: 200
[04-08-2022 18:59:08] PayPal\Core\PayPalHttpConnection : INFO: POST https://api.sandbox.paypal.com/v1/payments/billing-agreements/
[04-08-2022 18:59:10] PayPal\Core\PayPalHttpConnection : INFO: Response Status 	: 201
[04-08-2022 19:00:29] PayPal\Core\PayPalHttpConnection : INFO: POST https://api.sandbox.paypal.com/v1/oauth2/token
[04-08-2022 19:00:30] PayPal\Core\PayPalHttpConnection : INFO: Response Status 	: 200
[04-08-2022 19:00:30] PayPal\Core\PayPalHttpConnection : INFO: POST https://api.sandbox.paypal.com/v1/payments/billing-plans/
[04-08-2022 19:00:31] PayPal\Core\PayPalHttpConnection : INFO: Response Status 	: 201
[04-08-2022 19:00:31] PayPal\Core\PayPalHttpConnection : INFO: GET https://api.sandbox.paypal.com/v1/payments/billing-plans/P-22S94217R9345063GNHGTM7Y
[04-08-2022 19:00:32] PayPal\Core\PayPalHttpConnection : INFO: Response Status 	: 200
[04-08-2022 19:00:32] PayPal\Core\PayPalHttpConnection : INFO: PATCH https://api.sandbox.paypal.com/v1/payments/billing-plans/P-22S94217R9345063GNHGTM7Y
[04-08-2022 19:00:33] PayPal\Core\PayPalHttpConnection : INFO: Response Status 	: 200
[04-08-2022 19:00:33] PayPal\Core\PayPalHttpConnection : INFO: GET https://api.sandbox.paypal.com/v1/payments/billing-plans/P-22S94217R9345063GNHGTM7Y
[04-08-2022 19:00:34] PayPal\Core\PayPalHttpConnection : INFO: Response Status 	: 200
[04-08-2022 19:00:34] PayPal\Core\PayPalHttpConnection : INFO: POST https://api.sandbox.paypal.com/v1/payments/billing-agreements/
[04-08-2022 19:00:36] PayPal\Core\PayPalHttpConnection : INFO: Response Status 	: 201
[04-08-2022 19:00:36] PayPal\Core\PayPalHttpConnection : INFO: POST https://api.sandbox.paypal.com/v1/oauth2/token
[04-08-2022 19:00:37] PayPal\Core\PayPalHttpConnection : INFO: Response Status 	: 200
[04-08-2022 19:00:37] PayPal\Core\PayPalHttpConnection : INFO: POST https://api.sandbox.paypal.com/v1/payments/billing-plans/
[04-08-2022 19:00:38] PayPal\Core\PayPalHttpConnection : INFO: Response Status 	: 201
[04-08-2022 19:00:38] PayPal\Core\PayPalHttpConnection : INFO: GET https://api.sandbox.paypal.com/v1/payments/billing-plans/P-2GS2780828752530FNHGVEQI
[04-08-2022 19:00:39] PayPal\Core\PayPalHttpConnection : INFO: Response Status 	: 200
[04-08-2022 19:00:39] PayPal\Core\PayPalHttpConnection : INFO: PATCH https://api.sandbox.paypal.com/v1/payments/billing-plans/P-2GS2780828752530FNHGVEQI
[04-08-2022 19:00:42] PayPal\Core\PayPalHttpConnection : INFO: Response Status 	: 200
[04-08-2022 19:00:42] PayPal\Core\PayPalHttpConnection : INFO: GET https://api.sandbox.paypal.com/v1/payments/billing-plans/P-2GS2780828752530FNHGVEQI
[04-08-2022 19:00:43] PayPal\Core\PayPalHttpConnection : INFO: Response Status 	: 200
[04-08-2022 19:00:43] PayPal\Core\PayPalHttpConnection : INFO: POST https://api.sandbox.paypal.com/v1/payments/billing-agreements/
[04-08-2022 19:00:45] PayPal\Core\PayPalHttpConnection : INFO: Response Status 	: 201
[04-08-2022 19:00:47] PayPal\Core\PayPalHttpConnection : INFO: POST https://api.sandbox.paypal.com/v1/oauth2/token
[04-08-2022 19:00:48] PayPal\Core\PayPalHttpConnection : INFO: Response Status 	: 200
[04-08-2022 19:00:48] PayPal\Core\PayPalHttpConnection : INFO: POST https://api.sandbox.paypal.com/v1/payments/billing-plans/
[04-08-2022 19:00:49] PayPal\Core\PayPalHttpConnection : INFO: Response Status 	: 201
[04-08-2022 19:00:49] PayPal\Core\PayPalHttpConnection : INFO: GET https://api.sandbox.paypal.com/v1/payments/billing-plans/P-81S4037607635342LNHGXXLI
[04-08-2022 19:00:51] PayPal\Core\PayPalHttpConnection : INFO: Response Status 	: 200
[04-08-2022 19:00:51] PayPal\Core\PayPalHttpConnection : INFO: PATCH https://api.sandbox.paypal.com/v1/payments/billing-plans/P-81S4037607635342LNHGXXLI
[04-08-2022 19:00:52] PayPal\Core\PayPalHttpConnection : INFO: Response Status 	: 200
[04-08-2022 19:00:52] PayPal\Core\PayPalHttpConnection : INFO: GET https://api.sandbox.paypal.com/v1/payments/billing-plans/P-81S4037607635342LNHGXXLI
[04-08-2022 19:00:53] PayPal\Core\PayPalHttpConnection : INFO: Response Status 	: 200
[04-08-2022 19:00:53] PayPal\Core\PayPalHttpConnection : INFO: POST https://api.sandbox.paypal.com/v1/payments/billing-agreements/
[04-08-2022 19:00:55] PayPal\Core\PayPalHttpConnection : INFO: Response Status 	: 201
[04-08-2022 19:48:18] PayPal\Core\PayPalHttpConnection : INFO: POST https://api.sandbox.paypal.com/v1/oauth2/token
[04-08-2022 19:48:20] PayPal\Core\PayPalHttpConnection : INFO: POST https://api.sandbox.paypal.com/v1/oauth2/token
[04-08-2022 19:48:20] PayPal\Core\PayPalHttpConnection : INFO: POST https://api.sandbox.paypal.com/v1/oauth2/token
[04-08-2022 19:48:20] PayPal\Core\PayPalHttpConnection : INFO: POST https://api.sandbox.paypal.com/v1/oauth2/token
[04-08-2022 19:48:21] PayPal\Core\PayPalHttpConnection : INFO: POST https://api.sandbox.paypal.com/v1/oauth2/token
[04-08-2022 19:49:16] PayPal\Core\PayPalHttpConnection : INFO: POST https://api.sandbox.paypal.com/v1/oauth2/token
[04-08-2022 19:49:16] PayPal\Core\PayPalHttpConnection : INFO: POST https://api.sandbox.paypal.com/v1/oauth2/token
[04-08-2022 19:49:16] PayPal\Core\PayPalHttpConnection : INFO: POST https://api.sandbox.paypal.com/v1/oauth2/token
[04-08-2022 19:49:16] PayPal\Core\PayPalHttpConnection : INFO: POST https://api.sandbox.paypal.com/v1/oauth2/token
[05-08-2022 09:27:44] PayPal\Core\PayPalHttpConnection : INFO: POST https://api.sandbox.paypal.com/v1/oauth2/token
[05-08-2022 09:27:46] PayPal\Core\PayPalHttpConnection : INFO: Response Status 	: 200
[05-08-2022 09:27:46] PayPal\Core\PayPalHttpConnection : INFO: POST https://api.sandbox.paypal.com/v1/payments/billing-plans/
[05-08-2022 09:27:47] PayPal\Core\PayPalHttpConnection : INFO: Response Status 	: 201
[05-08-2022 09:27:48] PayPal\Core\PayPalHttpConnection : INFO: GET https://api.sandbox.paypal.com/v1/payments/billing-plans/P-1SD27370FE330115GNTTTYKQ
[05-08-2022 09:29:25] PayPal\Core\PayPalHttpConnection : INFO: POST https://api.sandbox.paypal.com/v1/oauth2/token
[05-08-2022 09:29:37] PayPal\Core\PayPalHttpConnection : INFO: POST https://api.sandbox.paypal.com/v1/oauth2/token
[05-08-2022 09:29:39] PayPal\Core\PayPalHttpConnection : INFO: Response Status 	: 200
[05-08-2022 09:29:39] PayPal\Core\PayPalHttpConnection : INFO: POST https://api.sandbox.paypal.com/v1/payments/billing-plans/
[05-08-2022 09:29:40] PayPal\Core\PayPalHttpConnection : INFO: Response Status 	: 201
[05-08-2022 09:29:40] PayPal\Core\PayPalHttpConnection : INFO: GET https://api.sandbox.paypal.com/v1/payments/billing-plans/P-2SH83355LF388915HNTUPFDI
[05-08-2022 09:29:41] PayPal\Core\PayPalHttpConnection : INFO: Response Status 	: 200
[05-08-2022 09:29:41] PayPal\Core\PayPalHttpConnection : INFO: PATCH https://api.sandbox.paypal.com/v1/payments/billing-plans/P-2SH83355LF388915HNTUPFDI
[05-08-2022 09:30:04] PayPal\Core\PayPalHttpConnection : INFO: POST https://api.sandbox.paypal.com/v1/oauth2/token
[05-08-2022 09:30:16] PayPal\Core\PayPalHttpConnection : INFO: POST https://api.sandbox.paypal.com/v1/oauth2/token
[05-08-2022 09:30:17] PayPal\Core\PayPalHttpConnection : INFO: Response Status 	: 200
[05-08-2022 09:30:17] PayPal\Core\PayPalHttpConnection : INFO: POST https://api.sandbox.paypal.com/v1/payments/billing-plans/
[05-08-2022 09:30:19] PayPal\Core\PayPalHttpConnection : INFO: Response Status 	: 201
[05-08-2022 09:30:19] PayPal\Core\PayPalHttpConnection : INFO: GET https://api.sandbox.paypal.com/v1/payments/billing-plans/P-51A89143LH603070BNTUYYMI
[05-08-2022 09:30:32] PayPal\Core\PayPalHttpConnection : INFO: POST https://api.sandbox.paypal.com/v1/oauth2/token
[05-08-2022 09:30:33] PayPal\Core\PayPalHttpConnection : INFO: Response Status 	: 200
[05-08-2022 09:30:33] PayPal\Core\PayPalHttpConnection : INFO: POST https://api.sandbox.paypal.com/v1/payments/billing-plans/
[05-08-2022 09:32:17] PayPal\Core\PayPalHttpConnection : INFO: POST https://api.sandbox.paypal.com/v1/oauth2/token
[05-08-2022 09:32:18] PayPal\Core\PayPalHttpConnection : INFO: Response Status 	: 200
[05-08-2022 09:32:18] PayPal\Core\PayPalHttpConnection : INFO: POST https://api.sandbox.paypal.com/v1/payments/billing-plans/
[05-08-2022 09:32:21] PayPal\Core\PayPalHttpConnection : INFO: Response Status 	: 201
[05-08-2022 09:32:21] PayPal\Core\PayPalHttpConnection : INFO: GET https://api.sandbox.paypal.com/v1/payments/billing-plans/P-5A631917KE010405ANTVWERI
[05-08-2022 09:32:22] PayPal\Core\PayPalHttpConnection : INFO: Response Status 	: 200
[05-08-2022 09:32:22] PayPal\Core\PayPalHttpConnection : INFO: PATCH https://api.sandbox.paypal.com/v1/payments/billing-plans/P-5A631917KE010405ANTVWERI
[05-08-2022 09:32:24] PayPal\Core\PayPalHttpConnection : INFO: Response Status 	: 200
[05-08-2022 09:32:24] PayPal\Core\PayPalHttpConnection : INFO: GET https://api.sandbox.paypal.com/v1/payments/billing-plans/P-5A631917KE010405ANTVWERI
[05-08-2022 09:34:44] PayPal\Core\PayPalHttpConnection : INFO: POST https://api.sandbox.paypal.com/v1/oauth2/token
[05-08-2022 09:34:45] PayPal\Core\PayPalHttpConnection : INFO: Response Status 	: 200
[05-08-2022 09:34:45] PayPal\Core\PayPalHttpConnection : INFO: POST https://api.sandbox.paypal.com/v1/payments/billing-plans/
[05-08-2022 09:34:46] PayPal\Core\PayPalHttpConnection : INFO: Response Status 	: 201
[05-08-2022 09:34:46] PayPal\Core\PayPalHttpConnection : INFO: GET https://api.sandbox.paypal.com/v1/payments/billing-plans/P-81D26027TY618952SNTWZ7DI
[05-08-2022 09:34:48] PayPal\Core\PayPalHttpConnection : INFO: Response Status 	: 200
[05-08-2022 09:34:48] PayPal\Core\PayPalHttpConnection : INFO: PATCH https://api.sandbox.paypal.com/v1/payments/billing-plans/P-81D26027TY618952SNTWZ7DI
[05-08-2022 09:34:49] PayPal\Core\PayPalHttpConnection : INFO: Response Status 	: 400
[05-08-2022 09:34:49] PayPal\Core\PayPalHttpConnection : ERROR: Got Http response code 400 when accessing https://api.sandbox.paypal.com/v1/payments/billing-plans/P-81D26027TY618952SNTWZ7DI. {"name":"VALIDATION_ERROR","debug_id":"60fc394a8d7f7","message":"Invalid request. See details.","information_link":"https://developer.paypal.com/docs/api/payments.billing-plans#errors","details":[{"field":"payment_definitions[0].frequency_interval","issue":"frequency more than year is not supported."}]}
[05-08-2022 09:37:27] PayPal\Core\PayPalHttpConnection : INFO: POST https://api.sandbox.paypal.com/v1/oauth2/token
[05-08-2022 09:37:29] PayPal\Core\PayPalHttpConnection : INFO: Response Status 	: 200
[05-08-2022 09:37:29] PayPal\Core\PayPalHttpConnection : INFO: POST https://api.sandbox.paypal.com/v1/payments/billing-plans/
[05-08-2022 09:37:30] PayPal\Core\PayPalHttpConnection : INFO: Response Status 	: 201
[05-08-2022 09:37:30] PayPal\Core\PayPalHttpConnection : INFO: GET https://api.sandbox.paypal.com/v1/payments/billing-plans/P-3LN13539UF840713PNTYCAUI
[05-08-2022 09:37:31] PayPal\Core\PayPalHttpConnection : INFO: Response Status 	: 200
[05-08-2022 09:37:31] PayPal\Core\PayPalHttpConnection : INFO: PATCH https://api.sandbox.paypal.com/v1/payments/billing-plans/P-3LN13539UF840713PNTYCAUI
[05-08-2022 09:37:32] PayPal\Core\PayPalHttpConnection : INFO: Response Status 	: 400
[05-08-2022 09:37:32] PayPal\Core\PayPalHttpConnection : ERROR: Got Http response code 400 when accessing https://api.sandbox.paypal.com/v1/payments/billing-plans/P-3LN13539UF840713PNTYCAUI. {"name":"VALIDATION_ERROR","debug_id":"130de4fcecbbd","message":"Invalid request. See details.","information_link":"https://developer.paypal.com/docs/api/payments.billing-plans#errors","details":[{"field":"payment_definitions[0].frequency_interval","issue":"frequency more than year is not supported."}]}
[05-08-2022 09:43:58] PayPal\Core\PayPalHttpConnection : INFO: POST https://api.sandbox.paypal.com/v1/oauth2/token
[05-08-2022 09:43:59] PayPal\Core\PayPalHttpConnection : INFO: Response Status 	: 200
[05-08-2022 09:43:59] PayPal\Core\PayPalHttpConnection : INFO: POST https://api.sandbox.paypal.com/v1/payments/billing-plans/
[05-08-2022 09:44:00] PayPal\Core\PayPalHttpConnection : INFO: Response Status 	: 201
[05-08-2022 09:44:01] PayPal\Core\PayPalHttpConnection : INFO: GET https://api.sandbox.paypal.com/v1/payments/billing-plans/P-83W776125B4021436NT3BLUA
[05-08-2022 09:44:01] PayPal\Core\PayPalHttpConnection : INFO: Response Status 	: 200
[05-08-2022 09:44:01] PayPal\Core\PayPalHttpConnection : INFO: PATCH https://api.sandbox.paypal.com/v1/payments/billing-plans/P-83W776125B4021436NT3BLUA
[05-08-2022 09:44:14] PayPal\Core\PayPalHttpConnection : INFO: POST https://api.sandbox.paypal.com/v1/oauth2/token
[05-08-2022 09:44:15] PayPal\Core\PayPalHttpConnection : INFO: Response Status 	: 200
[05-08-2022 09:44:15] PayPal\Core\PayPalHttpConnection : INFO: POST https://api.sandbox.paypal.com/v1/payments/billing-plans/
[05-08-2022 09:44:16] PayPal\Core\PayPalHttpConnection : INFO: Response Status 	: 201
[05-08-2022 09:44:16] PayPal\Core\PayPalHttpConnection : INFO: GET https://api.sandbox.paypal.com/v1/payments/billing-plans/P-7B8144830E7043400NT3FCRQ
[05-08-2022 09:44:17] PayPal\Core\PayPalHttpConnection : INFO: Response Status 	: 200
[05-08-2022 09:44:17] PayPal\Core\PayPalHttpConnection : INFO: PATCH https://api.sandbox.paypal.com/v1/payments/billing-plans/P-7B8144830E7043400NT3FCRQ
[05-08-2022 09:44:18] PayPal\Core\PayPalHttpConnection : INFO: Response Status 	: 200
[05-08-2022 09:44:18] PayPal\Core\PayPalHttpConnection : INFO: GET https://api.sandbox.paypal.com/v1/payments/billing-plans/P-7B8144830E7043400NT3FCRQ
[05-08-2022 09:44:19] PayPal\Core\PayPalHttpConnection : INFO: Response Status 	: 200
[05-08-2022 09:44:19] PayPal\Core\PayPalHttpConnection : INFO: POST https://api.sandbox.paypal.com/v1/payments/billing-agreements/
[05-08-2022 09:44:32] PayPal\Core\PayPalHttpConnection : INFO: POST https://api.sandbox.paypal.com/v1/oauth2/token
[05-08-2022 09:44:59] PayPal\Core\PayPalHttpConnection : INFO: POST https://api.sandbox.paypal.com/v1/oauth2/token
[05-08-2022 09:45:00] PayPal\Core\PayPalHttpConnection : INFO: Response Status 	: 200
[05-08-2022 09:45:00] PayPal\Core\PayPalHttpConnection : INFO: POST https://api.sandbox.paypal.com/v1/payments/billing-plans/
[05-08-2022 09:45:01] PayPal\Core\PayPalHttpConnection : INFO: Response Status 	: 201
[05-08-2022 09:45:01] PayPal\Core\PayPalHttpConnection : INFO: GET https://api.sandbox.paypal.com/v1/payments/billing-plans/P-54X398918X3704028NT3QGOY
[05-08-2022 09:45:02] PayPal\Core\PayPalHttpConnection : INFO: Response Status 	: 200
[05-08-2022 09:45:02] PayPal\Core\PayPalHttpConnection : INFO: PATCH https://api.sandbox.paypal.com/v1/payments/billing-plans/P-54X398918X3704028NT3QGOY
[05-08-2022 09:45:03] PayPal\Core\PayPalHttpConnection : INFO: Response Status 	: 200
[05-08-2022 09:45:03] PayPal\Core\PayPalHttpConnection : INFO: GET https://api.sandbox.paypal.com/v1/payments/billing-plans/P-54X398918X3704028NT3QGOY
[05-08-2022 09:45:04] PayPal\Core\PayPalHttpConnection : INFO: Response Status 	: 200
[05-08-2022 09:45:04] PayPal\Core\PayPalHttpConnection : INFO: POST https://api.sandbox.paypal.com/v1/payments/billing-agreements/
[05-08-2022 09:45:05] PayPal\Core\PayPalHttpConnection : INFO: Response Status 	: 201
[05-08-2022 10:18:28] PayPal\Core\PayPalHttpConnection : INFO: POST https://api.sandbox.paypal.com/v1/oauth2/token
[05-08-2022 10:18:41] PayPal\Core\PayPalHttpConnection : INFO: POST https://api.sandbox.paypal.com/v1/oauth2/token
[05-08-2022 10:18:55] PayPal\Core\PayPalHttpConnection : INFO: POST https://api.sandbox.paypal.com/v1/oauth2/token
[05-08-2022 10:18:56] PayPal\Core\PayPalHttpConnection : INFO: Response Status 	: 200
[05-08-2022 10:18:56] PayPal\Core\PayPalHttpConnection : INFO: POST https://api.sandbox.paypal.com/v1/payments/billing-plans/
[05-08-2022 10:18:57] PayPal\Core\PayPalHttpConnection : INFO: Response Status 	: 201
[05-08-2022 10:18:57] PayPal\Core\PayPalHttpConnection : INFO: GET https://api.sandbox.paypal.com/v1/payments/billing-plans/P-0M648084W03377247NULBIPA
[05-08-2022 10:18:58] PayPal\Core\PayPalHttpConnection : INFO: Response Status 	: 200
[05-08-2022 10:18:58] PayPal\Core\PayPalHttpConnection : INFO: PATCH https://api.sandbox.paypal.com/v1/payments/billing-plans/P-0M648084W03377247NULBIPA
[05-08-2022 10:18:59] PayPal\Core\PayPalHttpConnection : INFO: Response Status 	: 200
[05-08-2022 10:18:59] PayPal\Core\PayPalHttpConnection : INFO: GET https://api.sandbox.paypal.com/v1/payments/billing-plans/P-0M648084W03377247NULBIPA
[05-08-2022 10:19:00] PayPal\Core\PayPalHttpConnection : INFO: Response Status 	: 200
[05-08-2022 10:19:00] PayPal\Core\PayPalHttpConnection : INFO: POST https://api.sandbox.paypal.com/v1/payments/billing-agreements/
[05-08-2022 10:19:01] PayPal\Core\PayPalHttpConnection : INFO: Response Status 	: 201
[05-08-2022 10:19:32] PayPal\Core\PayPalHttpConnection : INFO: POST https://api.sandbox.paypal.com/v1/oauth2/token
[05-08-2022 10:19:32] PayPal\Core\PayPalHttpConnection : INFO: Response Status 	: 200
[05-08-2022 10:19:32] PayPal\Core\PayPalHttpConnection : INFO: POST https://api.sandbox.paypal.com/v1/payments/billing-plans/
[05-08-2022 10:19:33] PayPal\Core\PayPalHttpConnection : INFO: Response Status 	: 201
[05-08-2022 10:19:33] PayPal\Core\PayPalHttpConnection : INFO: GET https://api.sandbox.paypal.com/v1/payments/billing-plans/P-25F571667L084012NNULKEVQ
[05-08-2022 10:19:34] PayPal\Core\PayPalHttpConnection : INFO: Response Status 	: 200
[05-08-2022 10:19:34] PayPal\Core\PayPalHttpConnection : INFO: PATCH https://api.sandbox.paypal.com/v1/payments/billing-plans/P-25F571667L084012NNULKEVQ
[05-08-2022 10:19:35] PayPal\Core\PayPalHttpConnection : INFO: Response Status 	: 200
[05-08-2022 10:19:35] PayPal\Core\PayPalHttpConnection : INFO: GET https://api.sandbox.paypal.com/v1/payments/billing-plans/P-25F571667L084012NNULKEVQ
[05-08-2022 10:19:36] PayPal\Core\PayPalHttpConnection : INFO: Response Status 	: 200
[05-08-2022 10:19:36] PayPal\Core\PayPalHttpConnection : INFO: POST https://api.sandbox.paypal.com/v1/payments/billing-agreements/
[05-08-2022 10:19:37] PayPal\Core\PayPalHttpConnection : INFO: Response Status 	: 201
[05-08-2022 10:52:22] PayPal\Core\PayPalHttpConnection : INFO: POST https://api.sandbox.paypal.com/v1/oauth2/token
[05-08-2022 10:52:23] PayPal\Core\PayPalHttpConnection : INFO: Response Status 	: 200
[05-08-2022 10:52:23] PayPal\Core\PayPalHttpConnection : INFO: POST https://api.sandbox.paypal.com/v1/payments/billing-plans/
[05-08-2022 10:52:24] PayPal\Core\PayPalHttpConnection : INFO: Response Status 	: 201
[05-08-2022 10:54:23] PayPal\Core\PayPalHttpConnection : INFO: POST https://api.sandbox.paypal.com/v1/oauth2/token
[05-08-2022 10:54:24] PayPal\Core\PayPalHttpConnection : INFO: Response Status 	: 200
[05-08-2022 10:54:24] PayPal\Core\PayPalHttpConnection : INFO: POST https://api.sandbox.paypal.com/v1/payments/billing-plans/
[05-08-2022 10:54:25] PayPal\Core\PayPalHttpConnection : INFO: Response Status 	: 201
[05-08-2022 10:54:33] PayPal\Core\PayPalHttpConnection : INFO: POST https://api.sandbox.paypal.com/v1/oauth2/token
[05-08-2022 10:54:34] PayPal\Core\PayPalHttpConnection : INFO: Response Status 	: 200
[05-08-2022 10:54:34] PayPal\Core\PayPalHttpConnection : INFO: POST https://api.sandbox.paypal.com/v1/payments/billing-plans/
[05-08-2022 10:54:35] PayPal\Core\PayPalHttpConnection : INFO: Response Status 	: 201
[05-08-2022 10:54:40] PayPal\Core\PayPalHttpConnection : INFO: POST https://api.sandbox.paypal.com/v1/oauth2/token
[05-08-2022 10:54:42] PayPal\Core\PayPalHttpConnection : INFO: Response Status 	: 200
[05-08-2022 10:54:42] PayPal\Core\PayPalHttpConnection : INFO: POST https://api.sandbox.paypal.com/v1/payments/billing-plans/
[05-08-2022 10:54:43] PayPal\Core\PayPalHttpConnection : INFO: Response Status 	: 201
[05-08-2022 10:58:45] PayPal\Core\PayPalHttpConnection : INFO: POST https://api.sandbox.paypal.com/v1/oauth2/token
[05-08-2022 10:58:46] PayPal\Core\PayPalHttpConnection : INFO: Response Status 	: 200
[05-08-2022 10:58:46] PayPal\Core\PayPalHttpConnection : INFO: POST https://api.sandbox.paypal.com/v1/payments/billing-plans/
[05-08-2022 10:58:47] PayPal\Core\PayPalHttpConnection : INFO: Response Status 	: 201
[05-08-2022 11:05:39] PayPal\Core\PayPalHttpConnection : INFO: POST https://api.sandbox.paypal.com/v1/oauth2/token
[05-08-2022 11:05:40] PayPal\Core\PayPalHttpConnection : INFO: Response Status 	: 200
[05-08-2022 11:05:40] PayPal\Core\PayPalHttpConnection : INFO: POST https://api.sandbox.paypal.com/v1/payments/billing-plans/
[05-08-2022 11:05:41] PayPal\Core\PayPalHttpConnection : INFO: Response Status 	: 201
[05-08-2022 11:18:04] PayPal\Core\PayPalHttpConnection : INFO: POST https://api.sandbox.paypal.com/v1/oauth2/token
[05-08-2022 11:18:05] PayPal\Core\PayPalHttpConnection : INFO: Response Status 	: 200
[05-08-2022 11:18:05] PayPal\Core\PayPalHttpConnection : INFO: POST https://api.sandbox.paypal.com/v1/payments/billing-plans/
[05-08-2022 11:18:05] PayPal\Core\PayPalHttpConnection : INFO: Response Status 	: 201
[05-08-2022 14:53:22] PayPal\Core\PayPalHttpConnection : INFO: POST https://api.sandbox.paypal.com/v1/oauth2/token
[05-08-2022 14:53:24] PayPal\Core\PayPalHttpConnection : INFO: Response Status 	: 200
[05-08-2022 14:53:24] PayPal\Core\PayPalHttpConnection : INFO: POST https://api.sandbox.paypal.com/v1/payments/billing-plans/
[05-08-2022 14:53:25] PayPal\Core\PayPalHttpConnection : INFO: Response Status 	: 201
[05-08-2022 14:53:58] PayPal\Core\PayPalHttpConnection : INFO: POST https://api.sandbox.paypal.com/v1/oauth2/token
[05-08-2022 14:53:59] PayPal\Core\PayPalHttpConnection : INFO: Response Status 	: 200
[05-08-2022 14:53:59] PayPal\Core\PayPalHttpConnection : INFO: POST https://api.sandbox.paypal.com/v1/payments/billing-plans/
[05-08-2022 14:54:00] PayPal\Core\PayPalHttpConnection : INFO: Response Status 	: 201
[05-08-2022 14:54:00] PayPal\Core\PayPalHttpConnection : INFO: GET https://api.sandbox.paypal.com/v1/payments/billing-plans/P-4CF50120FD797323ANYI6HRQ
[05-08-2022 14:54:01] PayPal\Core\PayPalHttpConnection : INFO: Response Status 	: 200
[05-08-2022 14:54:01] PayPal\Core\PayPalHttpConnection : INFO: PATCH https://api.sandbox.paypal.com/v1/payments/billing-plans/P-4CF50120FD797323ANYI6HRQ
[05-08-2022 14:54:02] PayPal\Core\PayPalHttpConnection : INFO: Response Status 	: 200
[05-08-2022 14:54:02] PayPal\Core\PayPalHttpConnection : INFO: GET https://api.sandbox.paypal.com/v1/payments/billing-plans/P-4CF50120FD797323ANYI6HRQ
[05-08-2022 15:13:07] PayPal\Core\PayPalHttpConnection : INFO: POST https://api.sandbox.paypal.com/v1/oauth2/token
[05-08-2022 15:15:26] PayPal\Core\PayPalHttpConnection : INFO: POST https://api.sandbox.paypal.com/v1/oauth2/token
[05-08-2022 15:16:47] PayPal\Core\PayPalHttpConnection : INFO: POST https://api.sandbox.paypal.com/v1/oauth2/token
[05-08-2022 15:16:48] PayPal\Core\PayPalHttpConnection : INFO: Response Status 	: 200
[05-08-2022 15:16:48] PayPal\Core\PayPalHttpConnection : INFO: POST https://api.sandbox.paypal.com/v1/payments/billing-plans/
[05-08-2022 15:16:49] PayPal\Core\PayPalHttpConnection : INFO: Response Status 	: 201
[05-08-2022 15:16:49] PayPal\Core\PayPalHttpConnection : INFO: GET https://api.sandbox.paypal.com/v1/payments/billing-plans/P-25K99989AC6651714NYTMQXY
[05-08-2022 15:16:51] PayPal\Core\PayPalHttpConnection : INFO: Response Status 	: 200
[05-08-2022 15:16:51] PayPal\Core\PayPalHttpConnection : INFO: PATCH https://api.sandbox.paypal.com/v1/payments/billing-plans/P-25K99989AC6651714NYTMQXY
[05-08-2022 15:16:52] PayPal\Core\PayPalHttpConnection : INFO: Response Status 	: 200
[05-08-2022 15:16:52] PayPal\Core\PayPalHttpConnection : INFO: GET https://api.sandbox.paypal.com/v1/payments/billing-plans/P-25K99989AC6651714NYTMQXY
[05-08-2022 15:16:53] PayPal\Core\PayPalHttpConnection : INFO: Response Status 	: 200
[05-08-2022 15:20:45] PayPal\Core\PayPalHttpConnection : INFO: POST https://api.sandbox.paypal.com/v1/oauth2/token
[05-08-2022 15:21:03] PayPal\Core\PayPalHttpConnection : INFO: POST https://api.sandbox.paypal.com/v1/oauth2/token
[05-08-2022 15:21:27] PayPal\Core\PayPalHttpConnection : INFO: POST https://api.sandbox.paypal.com/v1/oauth2/token
[05-08-2022 15:21:28] PayPal\Core\PayPalHttpConnection : INFO: Response Status 	: 200
[05-08-2022 15:21:28] PayPal\Core\PayPalHttpConnection : INFO: POST https://api.sandbox.paypal.com/v1/payments/billing-plans/
[05-08-2022 15:21:29] PayPal\Core\PayPalHttpConnection : INFO: Response Status 	: 201
[05-08-2022 15:21:29] PayPal\Core\PayPalHttpConnection : INFO: GET https://api.sandbox.paypal.com/v1/payments/billing-plans/P-0F125344SF062204GNYVQZQI
[05-08-2022 15:21:30] PayPal\Core\PayPalHttpConnection : INFO: Response Status 	: 200
[05-08-2022 15:21:30] PayPal\Core\PayPalHttpConnection : INFO: PATCH https://api.sandbox.paypal.com/v1/payments/billing-plans/P-0F125344SF062204GNYVQZQI
[05-08-2022 15:21:31] PayPal\Core\PayPalHttpConnection : INFO: Response Status 	: 200
[05-08-2022 15:21:31] PayPal\Core\PayPalHttpConnection : INFO: GET https://api.sandbox.paypal.com/v1/payments/billing-plans/P-0F125344SF062204GNYVQZQI
[05-08-2022 15:21:32] PayPal\Core\PayPalHttpConnection : INFO: Response Status 	: 200
[05-08-2022 15:23:09] PayPal\Core\PayPalHttpConnection : INFO: POST https://api.sandbox.paypal.com/v1/oauth2/token
[05-08-2022 15:23:10] PayPal\Core\PayPalHttpConnection : INFO: Response Status 	: 200
[05-08-2022 15:23:10] PayPal\Core\PayPalHttpConnection : INFO: POST https://api.sandbox.paypal.com/v1/payments/billing-plans/
[05-08-2022 15:23:10] PayPal\Core\PayPalHttpConnection : INFO: Response Status 	: 201
[05-08-2022 15:23:10] PayPal\Core\PayPalHttpConnection : INFO: GET https://api.sandbox.paypal.com/v1/payments/billing-plans/P-60V0795121525690RNYWJSYA
[05-08-2022 15:23:11] PayPal\Core\PayPalHttpConnection : INFO: Response Status 	: 200
[05-08-2022 15:23:11] PayPal\Core\PayPalHttpConnection : INFO: PATCH https://api.sandbox.paypal.com/v1/payments/billing-plans/P-60V0795121525690RNYWJSYA
[05-08-2022 15:23:12] PayPal\Core\PayPalHttpConnection : INFO: Response Status 	: 200
[05-08-2022 15:23:12] PayPal\Core\PayPalHttpConnection : INFO: GET https://api.sandbox.paypal.com/v1/payments/billing-plans/P-60V0795121525690RNYWJSYA
[05-08-2022 15:23:13] PayPal\Core\PayPalHttpConnection : INFO: Response Status 	: 200
[05-08-2022 15:27:06] PayPal\Core\PayPalHttpConnection : INFO: POST https://api.sandbox.paypal.com/v1/oauth2/token
[05-08-2022 15:27:19] PayPal\Core\PayPalHttpConnection : INFO: POST https://api.sandbox.paypal.com/v1/oauth2/token
[05-08-2022 15:27:20] PayPal\Core\PayPalHttpConnection : INFO: Response Status 	: 200
[05-08-2022 15:27:20] PayPal\Core\PayPalHttpConnection : INFO: POST https://api.sandbox.paypal.com/v1/payments/billing-plans/
[05-08-2022 15:27:31] PayPal\Core\PayPalHttpConnection : INFO: POST https://api.sandbox.paypal.com/v1/oauth2/token
[05-08-2022 15:28:04] PayPal\Core\PayPalHttpConnection : INFO: POST https://api.sandbox.paypal.com/v1/oauth2/token
[05-08-2022 15:28:06] PayPal\Core\PayPalHttpConnection : INFO: Response Status 	: 200
[05-08-2022 15:28:06] PayPal\Core\PayPalHttpConnection : INFO: POST https://api.sandbox.paypal.com/v1/payments/billing-plans/
[05-08-2022 15:28:07] PayPal\Core\PayPalHttpConnection : INFO: Response Status 	: 400
[05-08-2022 15:28:07] PayPal\Core\PayPalHttpConnection : ERROR: Got Http response code 400 when accessing https://api.sandbox.paypal.com/v1/payments/billing-plans/. {"name":"VALIDATION_ERROR","debug_id":"fe914dfa7028b","message":"Invalid request. See details.","information_link":"https://developer.paypal.com/docs/api/payments.billing-plans#errors","details":[{"field":"payment_definitions[0].frequency_interval","issue":"Payment Definition Frequency count should be positive numeric"}]}
[05-08-2022 15:30:09] PayPal\Core\PayPalHttpConnection : INFO: POST https://api.sandbox.paypal.com/v1/oauth2/token
[05-08-2022 15:30:10] PayPal\Core\PayPalHttpConnection : INFO: Response Status 	: 200
[05-08-2022 15:30:10] PayPal\Core\PayPalHttpConnection : INFO: POST https://api.sandbox.paypal.com/v1/payments/billing-plans/
[05-08-2022 15:30:12] PayPal\Core\PayPalHttpConnection : INFO: Response Status 	: 201
[05-08-2022 15:30:12] PayPal\Core\PayPalHttpConnection : INFO: GET https://api.sandbox.paypal.com/v1/payments/billing-plans/P-8RL19680MD219690HNYZQOPI
[05-08-2022 15:30:13] PayPal\Core\PayPalHttpConnection : INFO: Response Status 	: 200
[05-08-2022 15:30:13] PayPal\Core\PayPalHttpConnection : INFO: PATCH https://api.sandbox.paypal.com/v1/payments/billing-plans/P-8RL19680MD219690HNYZQOPI
[05-08-2022 15:30:14] PayPal\Core\PayPalHttpConnection : INFO: Response Status 	: 200
[05-08-2022 15:30:14] PayPal\Core\PayPalHttpConnection : INFO: GET https://api.sandbox.paypal.com/v1/payments/billing-plans/P-8RL19680MD219690HNYZQOPI
[05-08-2022 15:30:28] PayPal\Core\PayPalHttpConnection : INFO: POST https://api.sandbox.paypal.com/v1/oauth2/token
[05-08-2022 15:30:29] PayPal\Core\PayPalHttpConnection : INFO: Response Status 	: 200
[05-08-2022 15:30:29] PayPal\Core\PayPalHttpConnection : INFO: POST https://api.sandbox.paypal.com/v1/payments/billing-plans/
[05-08-2022 15:30:30] PayPal\Core\PayPalHttpConnection : INFO: Response Status 	: 201
[05-08-2022 15:30:30] PayPal\Core\PayPalHttpConnection : INFO: GET https://api.sandbox.paypal.com/v1/payments/billing-plans/P-8BC72729Y4797830TNYZUZ2A
[05-08-2022 15:30:31] PayPal\Core\PayPalHttpConnection : INFO: Response Status 	: 200
[05-08-2022 15:30:31] PayPal\Core\PayPalHttpConnection : INFO: PATCH https://api.sandbox.paypal.com/v1/payments/billing-plans/P-8BC72729Y4797830TNYZUZ2A
[05-08-2022 15:30:32] PayPal\Core\PayPalHttpConnection : INFO: Response Status 	: 200
[05-08-2022 15:30:32] PayPal\Core\PayPalHttpConnection : INFO: GET https://api.sandbox.paypal.com/v1/payments/billing-plans/P-8BC72729Y4797830TNYZUZ2A
[05-08-2022 15:30:33] PayPal\Core\PayPalHttpConnection : INFO: Response Status 	: 200
[05-08-2022 15:30:33] PayPal\Core\PayPalHttpConnection : INFO: POST https://api.sandbox.paypal.com/v1/payments/billing-agreements/
[05-08-2022 15:30:34] PayPal\Core\PayPalHttpConnection : INFO: Response Status 	: 201
[05-08-2022 15:31:05] PayPal\Core\PayPalHttpConnection : INFO: POST https://api.sandbox.paypal.com/v1/oauth2/token
[05-08-2022 15:31:18] PayPal\Core\PayPalHttpConnection : INFO: POST https://api.sandbox.paypal.com/v1/oauth2/token
[05-08-2022 15:31:19] PayPal\Core\PayPalHttpConnection : INFO: Response Status 	: 200
[05-08-2022 15:31:19] PayPal\Core\PayPalHttpConnection : INFO: POST https://api.sandbox.paypal.com/v1/payments/billing-plans/
[05-08-2022 15:31:31] PayPal\Core\PayPalHttpConnection : INFO: POST https://api.sandbox.paypal.com/v1/oauth2/token
[05-08-2022 15:31:32] PayPal\Core\PayPalHttpConnection : INFO: Response Status 	: 200
[05-08-2022 15:31:32] PayPal\Core\PayPalHttpConnection : INFO: POST https://api.sandbox.paypal.com/v1/payments/billing-plans/
[05-08-2022 15:31:34] PayPal\Core\PayPalHttpConnection : INFO: Response Status 	: 201
[05-08-2022 15:31:34] PayPal\Core\PayPalHttpConnection : INFO: GET https://api.sandbox.paypal.com/v1/payments/billing-plans/P-2BE78334U9637494SNY2EMGQ
[05-08-2022 15:31:35] PayPal\Core\PayPalHttpConnection : INFO: Response Status 	: 200
[05-08-2022 15:31:35] PayPal\Core\PayPalHttpConnection : INFO: PATCH https://api.sandbox.paypal.com/v1/payments/billing-plans/P-2BE78334U9637494SNY2EMGQ
[05-08-2022 15:31:48] PayPal\Core\PayPalHttpConnection : INFO: POST https://api.sandbox.paypal.com/v1/oauth2/token
[05-08-2022 15:31:49] PayPal\Core\PayPalHttpConnection : INFO: Response Status 	: 200
[05-08-2022 15:31:49] PayPal\Core\PayPalHttpConnection : INFO: POST https://api.sandbox.paypal.com/v1/payments/billing-plans/
[05-08-2022 15:31:50] PayPal\Core\PayPalHttpConnection : INFO: Response Status 	: 201
[05-08-2022 15:31:50] PayPal\Core\PayPalHttpConnection : INFO: GET https://api.sandbox.paypal.com/v1/payments/billing-plans/P-1PX89777U0252024NNY2INIA
[05-08-2022 15:31:51] PayPal\Core\PayPalHttpConnection : INFO: Response Status 	: 200
[05-08-2022 15:31:51] PayPal\Core\PayPalHttpConnection : INFO: PATCH https://api.sandbox.paypal.com/v1/payments/billing-plans/P-1PX89777U0252024NNY2INIA
[05-08-2022 15:31:52] PayPal\Core\PayPalHttpConnection : INFO: Response Status 	: 200
[05-08-2022 15:31:52] PayPal\Core\PayPalHttpConnection : INFO: GET https://api.sandbox.paypal.com/v1/payments/billing-plans/P-1PX89777U0252024NNY2INIA
[05-08-2022 15:31:53] PayPal\Core\PayPalHttpConnection : INFO: Response Status 	: 200
[05-08-2022 15:31:53] PayPal\Core\PayPalHttpConnection : INFO: POST https://api.sandbox.paypal.com/v1/payments/billing-agreements/
[05-08-2022 15:31:54] PayPal\Core\PayPalHttpConnection : INFO: Response Status 	: 201
[05-08-2022 15:33:04] PayPal\Core\PayPalHttpConnection : INFO: POST https://api.sandbox.paypal.com/v1/oauth2/token
[05-08-2022 15:33:04] PayPal\Core\PayPalHttpConnection : INFO: Response Status 	: 200
[05-08-2022 15:33:04] PayPal\Core\PayPalHttpConnection : INFO: POST https://api.sandbox.paypal.com/v1/payments/billing-agreements/EC-6J2920091X9052229/agreement-execute
[05-08-2022 15:33:06] PayPal\Core\PayPalHttpConnection : INFO: Response Status 	: 200
[05-08-2022 15:33:06] PayPal\Core\PayPalHttpConnection : INFO: GET https://api.sandbox.paypal.com/v1/payments/billing-agreements/I-0T8RAW6SB1BV
[05-08-2022 15:33:07] PayPal\Core\PayPalHttpConnection : INFO: Response Status 	: 200
[05-08-2022 15:43:37] PayPal\Core\PayPalHttpConnection : INFO: POST https://api.sandbox.paypal.com/v1/oauth2/token
[05-08-2022 15:43:38] PayPal\Core\PayPalHttpConnection : INFO: Response Status 	: 200
[05-08-2022 15:43:38] PayPal\Core\PayPalHttpConnection : INFO: POST https://api.sandbox.paypal.com/v1/payments/billing-agreements/EC-6J2920091X9052229/agreement-execute
[05-08-2022 15:44:07] PayPal\Core\PayPalHttpConnection : INFO: POST https://api.sandbox.paypal.com/v1/oauth2/token
[05-08-2022 15:44:08] PayPal\Core\PayPalHttpConnection : INFO: Response Status 	: 200
[05-08-2022 15:44:08] PayPal\Core\PayPalHttpConnection : INFO: POST https://api.sandbox.paypal.com/v1/payments/billing-plans/
[05-08-2022 15:44:20] PayPal\Core\PayPalHttpConnection : INFO: POST https://api.sandbox.paypal.com/v1/oauth2/token
[05-08-2022 15:44:23] PayPal\Core\PayPalHttpConnection : INFO: Response Status 	: 200
[05-08-2022 15:44:23] PayPal\Core\PayPalHttpConnection : INFO: POST https://api.sandbox.paypal.com/v1/payments/billing-plans/
[05-08-2022 15:44:35] PayPal\Core\PayPalHttpConnection : INFO: POST https://api.sandbox.paypal.com/v1/oauth2/token
[05-08-2022 15:44:36] PayPal\Core\PayPalHttpConnection : INFO: Response Status 	: 200
[05-08-2022 15:44:36] PayPal\Core\PayPalHttpConnection : INFO: POST https://api.sandbox.paypal.com/v1/payments/billing-plans/
[05-08-2022 15:44:37] PayPal\Core\PayPalHttpConnection : INFO: Response Status 	: 201
[05-08-2022 15:44:37] PayPal\Core\PayPalHttpConnection : INFO: GET https://api.sandbox.paypal.com/v1/payments/billing-plans/P-5TP09455RP606040HNZADVAQ
[05-08-2022 15:44:49] PayPal\Core\PayPalHttpConnection : INFO: POST https://api.sandbox.paypal.com/v1/oauth2/token
[05-08-2022 15:45:00] PayPal\Core\PayPalHttpConnection : INFO: POST https://api.sandbox.paypal.com/v1/oauth2/token
[05-08-2022 15:45:01] PayPal\Core\PayPalHttpConnection : INFO: Response Status 	: 200
[05-08-2022 15:45:01] PayPal\Core\PayPalHttpConnection : INFO: POST https://api.sandbox.paypal.com/v1/payments/billing-plans/
[05-08-2022 15:45:02] PayPal\Core\PayPalHttpConnection : INFO: Response Status 	: 201
[05-08-2022 15:45:02] PayPal\Core\PayPalHttpConnection : INFO: GET https://api.sandbox.paypal.com/v1/payments/billing-plans/P-6RY7801244594925YNZAJ4WY
[05-08-2022 15:45:03] PayPal\Core\PayPalHttpConnection : INFO: Response Status 	: 200
[05-08-2022 15:45:03] PayPal\Core\PayPalHttpConnection : INFO: PATCH https://api.sandbox.paypal.com/v1/payments/billing-plans/P-6RY7801244594925YNZAJ4WY
[05-08-2022 15:45:05] PayPal\Core\PayPalHttpConnection : INFO: Response Status 	: 200
[05-08-2022 15:45:05] PayPal\Core\PayPalHttpConnection : INFO: GET https://api.sandbox.paypal.com/v1/payments/billing-plans/P-6RY7801244594925YNZAJ4WY
[05-08-2022 15:45:06] PayPal\Core\PayPalHttpConnection : INFO: Response Status 	: 200
[05-08-2022 15:45:06] PayPal\Core\PayPalHttpConnection : INFO: POST https://api.sandbox.paypal.com/v1/payments/billing-agreements/
[05-08-2022 15:45:07] PayPal\Core\PayPalHttpConnection : INFO: Response Status 	: 201
[05-08-2022 15:45:07] PayPal\Core\PayPalHttpConnection : INFO: POST https://api.sandbox.paypal.com/v1/oauth2/token
[05-08-2022 15:45:26] PayPal\Core\PayPalHttpConnection : INFO: POST https://api.sandbox.paypal.com/v1/oauth2/token
[05-08-2022 15:45:38] PayPal\Core\PayPalHttpConnection : INFO: POST https://api.sandbox.paypal.com/v1/oauth2/token
[05-08-2022 15:45:39] PayPal\Core\PayPalHttpConnection : INFO: Response Status 	: 200
[05-08-2022 15:45:39] PayPal\Core\PayPalHttpConnection : INFO: POST https://api.sandbox.paypal.com/v1/payments/billing-plans/
[05-08-2022 15:45:51] PayPal\Core\PayPalHttpConnection : INFO: POST https://api.sandbox.paypal.com/v1/oauth2/token
[05-08-2022 15:45:52] PayPal\Core\PayPalHttpConnection : INFO: Response Status 	: 200
[05-08-2022 15:45:52] PayPal\Core\PayPalHttpConnection : INFO: POST https://api.sandbox.paypal.com/v1/payments/billing-plans/
[05-08-2022 15:45:53] PayPal\Core\PayPalHttpConnection : INFO: Response Status 	: 201
[05-08-2022 15:45:53] PayPal\Core\PayPalHttpConnection : INFO: GET https://api.sandbox.paypal.com/v1/payments/billing-plans/P-47W850522N491171YNZAWIMY
[05-08-2022 15:45:54] PayPal\Core\PayPalHttpConnection : INFO: Response Status 	: 200
[05-08-2022 15:45:54] PayPal\Core\PayPalHttpConnection : INFO: PATCH https://api.sandbox.paypal.com/v1/payments/billing-plans/P-47W850522N491171YNZAWIMY
[05-08-2022 15:45:55] PayPal\Core\PayPalHttpConnection : INFO: Response Status 	: 200
[05-08-2022 15:45:55] PayPal\Core\PayPalHttpConnection : INFO: GET https://api.sandbox.paypal.com/v1/payments/billing-plans/P-47W850522N491171YNZAWIMY
[05-08-2022 15:45:56] PayPal\Core\PayPalHttpConnection : INFO: Response Status 	: 200
[05-08-2022 15:45:56] PayPal\Core\PayPalHttpConnection : INFO: POST https://api.sandbox.paypal.com/v1/payments/billing-agreements/
[05-08-2022 15:45:57] PayPal\Core\PayPalHttpConnection : INFO: Response Status 	: 201
[05-08-2022 15:46:27] PayPal\Core\PayPalHttpConnection : INFO: POST https://api.sandbox.paypal.com/v1/oauth2/token
[05-08-2022 15:46:28] PayPal\Core\PayPalHttpConnection : INFO: Response Status 	: 200
[05-08-2022 15:46:28] PayPal\Core\PayPalHttpConnection : INFO: POST https://api.sandbox.paypal.com/v1/payments/billing-plans/
[05-08-2022 15:46:29] PayPal\Core\PayPalHttpConnection : INFO: Response Status 	: 201
[05-08-2022 15:46:29] PayPal\Core\PayPalHttpConnection : INFO: GET https://api.sandbox.paypal.com/v1/payments/billing-plans/P-3M4446953G005032SNZA7BTI
[05-08-2022 15:46:30] PayPal\Core\PayPalHttpConnection : INFO: Response Status 	: 200
[05-08-2022 15:46:30] PayPal\Core\PayPalHttpConnection : INFO: PATCH https://api.sandbox.paypal.com/v1/payments/billing-plans/P-3M4446953G005032SNZA7BTI
[05-08-2022 15:46:31] PayPal\Core\PayPalHttpConnection : INFO: Response Status 	: 200
[05-08-2022 15:46:31] PayPal\Core\PayPalHttpConnection : INFO: GET https://api.sandbox.paypal.com/v1/payments/billing-plans/P-3M4446953G005032SNZA7BTI
[05-08-2022 15:46:43] PayPal\Core\PayPalHttpConnection : INFO: POST https://api.sandbox.paypal.com/v1/oauth2/token
[05-08-2022 15:46:44] PayPal\Core\PayPalHttpConnection : INFO: Response Status 	: 200
[05-08-2022 15:46:44] PayPal\Core\PayPalHttpConnection : INFO: POST https://api.sandbox.paypal.com/v1/payments/billing-plans/
[05-08-2022 15:47:58] PayPal\Core\PayPalHttpConnection : INFO: POST https://api.sandbox.paypal.com/v1/oauth2/token
[05-08-2022 15:48:09] PayPal\Core\PayPalHttpConnection : INFO: POST https://api.sandbox.paypal.com/v1/oauth2/token
[05-08-2022 15:48:10] PayPal\Core\PayPalHttpConnection : INFO: Response Status 	: 200
[05-08-2022 15:48:10] PayPal\Core\PayPalHttpConnection : INFO: POST https://api.sandbox.paypal.com/v1/payments/billing-plans/
[05-08-2022 15:48:11] PayPal\Core\PayPalHttpConnection : INFO: Response Status 	: 201
[05-08-2022 15:48:11] PayPal\Core\PayPalHttpConnection : INFO: GET https://api.sandbox.paypal.com/v1/payments/billing-plans/P-0KG12721N9855664DNZBYAIY
[05-08-2022 15:48:12] PayPal\Core\PayPalHttpConnection : INFO: Response Status 	: 200
[05-08-2022 15:48:12] PayPal\Core\PayPalHttpConnection : INFO: PATCH https://api.sandbox.paypal.com/v1/payments/billing-plans/P-0KG12721N9855664DNZBYAIY
[05-08-2022 15:48:13] PayPal\Core\PayPalHttpConnection : INFO: Response Status 	: 200
[05-08-2022 15:48:13] PayPal\Core\PayPalHttpConnection : INFO: GET https://api.sandbox.paypal.com/v1/payments/billing-plans/P-0KG12721N9855664DNZBYAIY
[05-08-2022 15:48:14] PayPal\Core\PayPalHttpConnection : INFO: Response Status 	: 200
[05-08-2022 15:48:14] PayPal\Core\PayPalHttpConnection : INFO: POST https://api.sandbox.paypal.com/v1/payments/billing-agreements/
[05-08-2022 15:48:16] PayPal\Core\PayPalHttpConnection : INFO: Response Status 	: 201
[05-08-2022 15:48:39] PayPal\Core\PayPalHttpConnection : INFO: POST https://api.sandbox.paypal.com/v1/oauth2/token
[05-08-2022 15:48:40] PayPal\Core\PayPalHttpConnection : INFO: Response Status 	: 200
[05-08-2022 15:48:40] PayPal\Core\PayPalHttpConnection : INFO: POST https://api.sandbox.paypal.com/v1/payments/billing-agreements/EC-4HL3680614650503U/agreement-execute
[05-08-2022 15:48:41] PayPal\Core\PayPalHttpConnection : INFO: Response Status 	: 200
[05-08-2022 15:48:41] PayPal\Core\PayPalHttpConnection : INFO: GET https://api.sandbox.paypal.com/v1/payments/billing-agreements/I-ECPG788JFLSJ
[05-08-2022 15:52:01] PayPal\Core\PayPalHttpConnection : INFO: POST https://api.sandbox.paypal.com/v1/oauth2/token
[05-08-2022 15:52:03] PayPal\Core\PayPalHttpConnection : INFO: POST https://api.sandbox.paypal.com/v1/oauth2/token
[05-08-2022 15:52:04] PayPal\Core\PayPalHttpConnection : INFO: POST https://api.sandbox.paypal.com/v1/oauth2/token
[05-08-2022 15:52:04] PayPal\Core\PayPalHttpConnection : INFO: POST https://api.sandbox.paypal.com/v1/oauth2/token
[05-08-2022 15:52:04] PayPal\Core\PayPalHttpConnection : INFO: POST https://api.sandbox.paypal.com/v1/oauth2/token
[05-08-2022 15:52:04] PayPal\Core\PayPalHttpConnection : INFO: POST https://api.sandbox.paypal.com/v1/oauth2/token
[05-08-2022 15:52:04] PayPal\Core\PayPalHttpConnection : INFO: POST https://api.sandbox.paypal.com/v1/oauth2/token
[05-08-2022 15:52:04] PayPal\Core\PayPalHttpConnection : INFO: POST https://api.sandbox.paypal.com/v1/oauth2/token
[05-08-2022 15:52:04] PayPal\Core\PayPalHttpConnection : INFO: POST https://api.sandbox.paypal.com/v1/oauth2/token
[05-08-2022 15:52:05] PayPal\Core\PayPalHttpConnection : INFO: POST https://api.sandbox.paypal.com/v1/oauth2/token
[05-08-2022 15:52:05] PayPal\Core\PayPalHttpConnection : INFO: POST https://api.sandbox.paypal.com/v1/oauth2/token
[05-08-2022 15:52:05] PayPal\Core\PayPalHttpConnection : INFO: POST https://api.sandbox.paypal.com/v1/oauth2/token
[05-08-2022 15:52:05] PayPal\Core\PayPalHttpConnection : INFO: POST https://api.sandbox.paypal.com/v1/oauth2/token
[05-08-2022 15:52:05] PayPal\Core\PayPalHttpConnection : INFO: POST https://api.sandbox.paypal.com/v1/oauth2/token
[05-08-2022 15:52:05] PayPal\Core\PayPalHttpConnection : INFO: POST https://api.sandbox.paypal.com/v1/oauth2/token
[05-08-2022 15:52:05] PayPal\Core\PayPalHttpConnection : INFO: POST https://api.sandbox.paypal.com/v1/oauth2/token
[05-08-2022 15:52:06] PayPal\Core\PayPalHttpConnection : INFO: POST https://api.sandbox.paypal.com/v1/oauth2/token
[05-08-2022 15:52:06] PayPal\Core\PayPalHttpConnection : INFO: POST https://api.sandbox.paypal.com/v1/oauth2/token
[05-08-2022 15:52:09] PayPal\Core\PayPalHttpConnection : INFO: POST https://api.sandbox.paypal.com/v1/oauth2/token
[05-08-2022 15:52:10] PayPal\Core\PayPalHttpConnection : INFO: POST https://api.sandbox.paypal.com/v1/oauth2/token
[05-08-2022 15:52:10] PayPal\Core\PayPalHttpConnection : INFO: POST https://api.sandbox.paypal.com/v1/oauth2/token
[05-08-2022 15:52:10] PayPal\Core\PayPalHttpConnection : INFO: POST https://api.sandbox.paypal.com/v1/oauth2/token
[05-08-2022 15:52:10] PayPal\Core\PayPalHttpConnection : INFO: POST https://api.sandbox.paypal.com/v1/oauth2/token
[05-08-2022 15:52:10] PayPal\Core\PayPalHttpConnection : INFO: POST https://api.sandbox.paypal.com/v1/oauth2/token
[05-08-2022 15:52:10] PayPal\Core\PayPalHttpConnection : INFO: POST https://api.sandbox.paypal.com/v1/oauth2/token
[05-08-2022 15:52:10] PayPal\Core\PayPalHttpConnection : INFO: POST https://api.sandbox.paypal.com/v1/oauth2/token
[05-08-2022 15:52:11] PayPal\Core\PayPalHttpConnection : INFO: POST https://api.sandbox.paypal.com/v1/oauth2/token
[05-08-2022 15:52:11] PayPal\Core\PayPalHttpConnection : INFO: POST https://api.sandbox.paypal.com/v1/oauth2/token
[05-08-2022 15:52:11] PayPal\Core\PayPalHttpConnection : INFO: POST https://api.sandbox.paypal.com/v1/oauth2/token
[05-08-2022 15:52:11] PayPal\Core\PayPalHttpConnection : INFO: POST https://api.sandbox.paypal.com/v1/oauth2/token
[05-08-2022 15:52:12] PayPal\Core\PayPalHttpConnection : INFO: POST https://api.sandbox.paypal.com/v1/oauth2/token
[05-08-2022 15:52:12] PayPal\Core\PayPalHttpConnection : INFO: POST https://api.sandbox.paypal.com/v1/oauth2/token
[05-08-2022 15:52:12] PayPal\Core\PayPalHttpConnection : INFO: POST https://api.sandbox.paypal.com/v1/oauth2/token
[05-08-2022 15:52:12] PayPal\Core\PayPalHttpConnection : INFO: POST https://api.sandbox.paypal.com/v1/oauth2/token
[05-08-2022 15:52:12] PayPal\Core\PayPalHttpConnection : INFO: POST https://api.sandbox.paypal.com/v1/oauth2/token
[05-08-2022 15:52:13] PayPal\Core\PayPalHttpConnection : INFO: POST https://api.sandbox.paypal.com/v1/oauth2/token
[05-08-2022 15:52:13] PayPal\Core\PayPalHttpConnection : INFO: POST https://api.sandbox.paypal.com/v1/oauth2/token
[05-08-2022 15:52:13] PayPal\Core\PayPalHttpConnection : INFO: POST https://api.sandbox.paypal.com/v1/oauth2/token
[05-08-2022 15:52:13] PayPal\Core\PayPalHttpConnection : INFO: POST https://api.sandbox.paypal.com/v1/oauth2/token
[05-08-2022 15:52:14] PayPal\Core\PayPalHttpConnection : INFO: POST https://api.sandbox.paypal.com/v1/oauth2/token
[05-08-2022 15:52:14] PayPal\Core\PayPalHttpConnection : INFO: POST https://api.sandbox.paypal.com/v1/oauth2/token
[05-08-2022 15:53:13] PayPal\Core\PayPalHttpConnection : INFO: POST https://api.sandbox.paypal.com/v1/oauth2/token
[05-08-2022 15:53:14] PayPal\Core\PayPalHttpConnection : INFO: Response Status 	: 200
[05-08-2022 15:53:14] PayPal\Core\PayPalHttpConnection : INFO: POST https://api.sandbox.paypal.com/v1/payments/billing-plans/
[05-08-2022 15:53:15] PayPal\Core\PayPalHttpConnection : INFO: Response Status 	: 201
[05-08-2022 15:53:15] PayPal\Core\PayPalHttpConnection : INFO: GET https://api.sandbox.paypal.com/v1/payments/billing-plans/P-07G06949ST286045RNZECJNY
[05-08-2022 15:53:17] PayPal\Core\PayPalHttpConnection : INFO: Response Status 	: 200
[05-08-2022 15:53:17] PayPal\Core\PayPalHttpConnection : INFO: PATCH https://api.sandbox.paypal.com/v1/payments/billing-plans/P-07G06949ST286045RNZECJNY
[05-08-2022 15:53:18] PayPal\Core\PayPalHttpConnection : INFO: Response Status 	: 200
[05-08-2022 15:53:18] PayPal\Core\PayPalHttpConnection : INFO: GET https://api.sandbox.paypal.com/v1/payments/billing-plans/P-07G06949ST286045RNZECJNY
[05-08-2022 15:53:19] PayPal\Core\PayPalHttpConnection : INFO: Response Status 	: 200
[05-08-2022 15:53:19] PayPal\Core\PayPalHttpConnection : INFO: POST https://api.sandbox.paypal.com/v1/payments/billing-agreements/
[05-08-2022 15:53:40] PayPal\Core\PayPalHttpConnection : INFO: POST https://api.sandbox.paypal.com/v1/oauth2/token
[05-08-2022 15:53:43] PayPal\Core\PayPalHttpConnection : INFO: Response Status 	: 200
[05-08-2022 15:53:43] PayPal\Core\PayPalHttpConnection : INFO: POST https://api.sandbox.paypal.com/v1/payments/billing-plans/
[05-08-2022 15:53:45] PayPal\Core\PayPalHttpConnection : INFO: Response Status 	: 201
[05-08-2022 15:53:45] PayPal\Core\PayPalHttpConnection : INFO: GET https://api.sandbox.paypal.com/v1/payments/billing-plans/P-0JR36877JX802622DNZEJJ4Y
[05-08-2022 15:53:59] PayPal\Core\PayPalHttpConnection : INFO: POST https://api.sandbox.paypal.com/v1/oauth2/token
[05-08-2022 15:54:00] PayPal\Core\PayPalHttpConnection : INFO: Response Status 	: 200
[05-08-2022 15:54:00] PayPal\Core\PayPalHttpConnection : INFO: POST https://api.sandbox.paypal.com/v1/payments/billing-plans/
[05-08-2022 15:54:01] PayPal\Core\PayPalHttpConnection : INFO: Response Status 	: 201
[05-08-2022 15:54:01] PayPal\Core\PayPalHttpConnection : INFO: GET https://api.sandbox.paypal.com/v1/payments/billing-plans/P-3F028011HX7356419NZENOKI
[05-08-2022 15:54:16] PayPal\Core\PayPalHttpConnection : INFO: POST https://api.sandbox.paypal.com/v1/oauth2/token
[05-08-2022 15:54:18] PayPal\Core\PayPalHttpConnection : INFO: Response Status 	: 200
[05-08-2022 15:54:18] PayPal\Core\PayPalHttpConnection : INFO: POST https://api.sandbox.paypal.com/v1/payments/billing-plans/
[05-08-2022 15:54:19] PayPal\Core\PayPalHttpConnection : INFO: Response Status 	: 201
[05-08-2022 15:54:19] PayPal\Core\PayPalHttpConnection : INFO: GET https://api.sandbox.paypal.com/v1/payments/billing-plans/P-6AX5776615366850JNZER3FI
[05-08-2022 15:54:20] PayPal\Core\PayPalHttpConnection : INFO: Response Status 	: 200
[05-08-2022 15:54:20] PayPal\Core\PayPalHttpConnection : INFO: PATCH https://api.sandbox.paypal.com/v1/payments/billing-plans/P-6AX5776615366850JNZER3FI
[05-08-2022 15:54:35] PayPal\Core\PayPalHttpConnection : INFO: POST https://api.sandbox.paypal.com/v1/oauth2/token
[05-08-2022 15:54:37] PayPal\Core\PayPalHttpConnection : INFO: Response Status 	: 200
[05-08-2022 15:54:37] PayPal\Core\PayPalHttpConnection : INFO: POST https://api.sandbox.paypal.com/v1/payments/billing-plans/
[05-08-2022 15:54:39] PayPal\Core\PayPalHttpConnection : INFO: Response Status 	: 201
[05-08-2022 15:54:39] PayPal\Core\PayPalHttpConnection : INFO: GET https://api.sandbox.paypal.com/v1/payments/billing-plans/P-1S537518FS7893615NZEWSMA
[05-08-2022 15:54:56] PayPal\Core\PayPalHttpConnection : INFO: POST https://api.sandbox.paypal.com/v1/oauth2/token
[05-08-2022 15:55:09] PayPal\Core\PayPalHttpConnection : INFO: POST https://api.sandbox.paypal.com/v1/oauth2/token
[05-08-2022 15:55:13] PayPal\Core\PayPalHttpConnection : INFO: Response Status 	: 200
[05-08-2022 15:55:13] PayPal\Core\PayPalHttpConnection : INFO: POST https://api.sandbox.paypal.com/v1/payments/billing-plans/
[05-08-2022 15:55:14] PayPal\Core\PayPalHttpConnection : INFO: Response Status 	: 201
[05-08-2022 15:55:14] PayPal\Core\PayPalHttpConnection : INFO: GET https://api.sandbox.paypal.com/v1/payments/billing-plans/P-0DY71941TU7401918NZE7KII
[05-08-2022 15:55:16] PayPal\Core\PayPalHttpConnection : INFO: Response Status 	: 200
[05-08-2022 15:55:16] PayPal\Core\PayPalHttpConnection : INFO: PATCH https://api.sandbox.paypal.com/v1/payments/billing-plans/P-0DY71941TU7401918NZE7KII
[05-08-2022 15:55:17] PayPal\Core\PayPalHttpConnection : INFO: Response Status 	: 200
[05-08-2022 15:55:17] PayPal\Core\PayPalHttpConnection : INFO: GET https://api.sandbox.paypal.com/v1/payments/billing-plans/P-0DY71941TU7401918NZE7KII
[05-08-2022 15:55:18] PayPal\Core\PayPalHttpConnection : INFO: Response Status 	: 200
[05-08-2022 15:55:18] PayPal\Core\PayPalHttpConnection : INFO: POST https://api.sandbox.paypal.com/v1/payments/billing-agreements/
[05-08-2022 15:55:31] PayPal\Core\PayPalHttpConnection : INFO: POST https://api.sandbox.paypal.com/v1/oauth2/token
[05-08-2022 15:55:32] PayPal\Core\PayPalHttpConnection : INFO: Response Status 	: 200
[05-08-2022 15:55:32] PayPal\Core\PayPalHttpConnection : INFO: POST https://api.sandbox.paypal.com/v1/payments/billing-plans/
[05-08-2022 15:55:33] PayPal\Core\PayPalHttpConnection : INFO: Response Status 	: 201
[05-08-2022 15:55:33] PayPal\Core\PayPalHttpConnection : INFO: GET https://api.sandbox.paypal.com/v1/payments/billing-plans/P-9RC3662751093310BNZFD57Y
[05-08-2022 15:55:35] PayPal\Core\PayPalHttpConnection : INFO: Response Status 	: 200
[05-08-2022 15:55:35] PayPal\Core\PayPalHttpConnection : INFO: PATCH https://api.sandbox.paypal.com/v1/payments/billing-plans/P-9RC3662751093310BNZFD57Y
[05-08-2022 15:55:36] PayPal\Core\PayPalHttpConnection : INFO: Response Status 	: 200
[05-08-2022 15:55:36] PayPal\Core\PayPalHttpConnection : INFO: GET https://api.sandbox.paypal.com/v1/payments/billing-plans/P-9RC3662751093310BNZFD57Y
[05-08-2022 15:55:37] PayPal\Core\PayPalHttpConnection : INFO: Response Status 	: 200
[05-08-2022 15:55:37] PayPal\Core\PayPalHttpConnection : INFO: POST https://api.sandbox.paypal.com/v1/payments/billing-agreements/
[05-08-2022 15:55:39] PayPal\Core\PayPalHttpConnection : INFO: Response Status 	: 201
[05-08-2022 15:56:17] PayPal\Core\PayPalHttpConnection : INFO: POST https://api.sandbox.paypal.com/v1/oauth2/token
[05-08-2022 15:56:18] PayPal\Core\PayPalHttpConnection : INFO: Response Status 	: 200
[05-08-2022 15:56:18] PayPal\Core\PayPalHttpConnection : INFO: POST https://api.sandbox.paypal.com/v1/payments/billing-agreements/EC-7N681499PS075815S/agreement-execute
[05-08-2022 15:56:19] PayPal\Core\PayPalHttpConnection : INFO: Response Status 	: 200
[05-08-2022 15:56:19] PayPal\Core\PayPalHttpConnection : INFO: GET https://api.sandbox.paypal.com/v1/payments/billing-agreements/I-J59HNHHF9WWU
[05-08-2022 15:56:20] PayPal\Core\PayPalHttpConnection : INFO: Response Status 	: 200
[05-08-2022 16:12:12] PayPal\Core\PayPalHttpConnection : INFO: POST https://api.sandbox.paypal.com/v1/oauth2/token
[05-08-2022 16:12:13] PayPal\Core\PayPalHttpConnection : INFO: Response Status 	: 200
[05-08-2022 16:12:13] PayPal\Core\PayPalHttpConnection : INFO: POST https://api.sandbox.paypal.com/v1/payments/billing-plans/
[05-08-2022 16:12:14] PayPal\Core\PayPalHttpConnection : INFO: Response Status 	: 201
[05-08-2022 16:12:14] PayPal\Core\PayPalHttpConnection : INFO: GET https://api.sandbox.paypal.com/v1/payments/billing-plans/P-45S11905JE7218431NZMYMIA
[05-08-2022 16:12:44] PayPal\Core\PayPalHttpConnection : INFO: POST https://api.sandbox.paypal.com/v1/oauth2/token
[05-08-2022 16:12:45] PayPal\Core\PayPalHttpConnection : INFO: Response Status 	: 200
[05-08-2022 16:12:45] PayPal\Core\PayPalHttpConnection : INFO: POST https://api.sandbox.paypal.com/v1/payments/billing-plans/
[05-08-2022 16:12:57] PayPal\Core\PayPalHttpConnection : INFO: POST https://api.sandbox.paypal.com/v1/oauth2/token
[05-08-2022 16:12:58] PayPal\Core\PayPalHttpConnection : INFO: Response Status 	: 200
[05-08-2022 16:12:58] PayPal\Core\PayPalHttpConnection : INFO: POST https://api.sandbox.paypal.com/v1/payments/billing-plans/
[05-08-2022 16:12:59] PayPal\Core\PayPalHttpConnection : INFO: Response Status 	: 201
[05-08-2022 16:12:59] PayPal\Core\PayPalHttpConnection : INFO: GET https://api.sandbox.paypal.com/v1/payments/billing-plans/P-6EW38741CG857890CNZNDMJQ
[05-08-2022 16:13:02] PayPal\Core\PayPalHttpConnection : INFO: Response Status 	: 200
[05-08-2022 16:13:02] PayPal\Core\PayPalHttpConnection : INFO: PATCH https://api.sandbox.paypal.com/v1/payments/billing-plans/P-6EW38741CG857890CNZNDMJQ
[05-08-2022 16:13:02] PayPal\Core\PayPalHttpConnection : INFO: Response Status 	: 200
[05-08-2022 16:13:02] PayPal\Core\PayPalHttpConnection : INFO: GET https://api.sandbox.paypal.com/v1/payments/billing-plans/P-6EW38741CG857890CNZNDMJQ
[05-08-2022 16:13:04] PayPal\Core\PayPalHttpConnection : INFO: Response Status 	: 200
[05-08-2022 16:13:04] PayPal\Core\PayPalHttpConnection : INFO: POST https://api.sandbox.paypal.com/v1/payments/billing-agreements/
[05-08-2022 16:13:06] PayPal\Core\PayPalHttpConnection : INFO: Response Status 	: 201
[05-08-2022 16:14:00] PayPal\Core\PayPalHttpConnection : INFO: POST https://api.sandbox.paypal.com/v1/oauth2/token
[05-08-2022 16:14:01] PayPal\Core\PayPalHttpConnection : INFO: Response Status 	: 200
[05-08-2022 16:14:01] PayPal\Core\PayPalHttpConnection : INFO: POST https://api.sandbox.paypal.com/v1/payments/billing-agreements/EC-6GD79485GE998725P/agreement-execute
[05-08-2022 16:17:20] PayPal\Core\PayPalHttpConnection : INFO: POST https://api.sandbox.paypal.com/v1/oauth2/token
[05-08-2022 16:17:21] PayPal\Core\PayPalHttpConnection : INFO: Response Status 	: 200
[05-08-2022 16:17:21] PayPal\Core\PayPalHttpConnection : INFO: POST https://api.sandbox.paypal.com/v1/payments/billing-plans/
[05-08-2022 16:17:22] PayPal\Core\PayPalHttpConnection : INFO: Response Status 	: 201
[05-08-2022 16:17:22] PayPal\Core\PayPalHttpConnection : INFO: GET https://api.sandbox.paypal.com/v1/payments/billing-plans/P-9SG01069L9403383TNZPDS6I
[05-08-2022 16:17:23] PayPal\Core\PayPalHttpConnection : INFO: Response Status 	: 200
[05-08-2022 16:17:23] PayPal\Core\PayPalHttpConnection : INFO: PATCH https://api.sandbox.paypal.com/v1/payments/billing-plans/P-9SG01069L9403383TNZPDS6I
[05-08-2022 16:17:24] PayPal\Core\PayPalHttpConnection : INFO: Response Status 	: 200
[05-08-2022 16:17:24] PayPal\Core\PayPalHttpConnection : INFO: GET https://api.sandbox.paypal.com/v1/payments/billing-plans/P-9SG01069L9403383TNZPDS6I
[05-08-2022 16:17:26] PayPal\Core\PayPalHttpConnection : INFO: Response Status 	: 200
[05-08-2022 16:17:26] PayPal\Core\PayPalHttpConnection : INFO: POST https://api.sandbox.paypal.com/v1/payments/billing-agreements/
[05-08-2022 16:17:27] PayPal\Core\PayPalHttpConnection : INFO: Response Status 	: 201
[05-08-2022 16:17:49] PayPal\Core\PayPalHttpConnection : INFO: POST https://api.sandbox.paypal.com/v1/oauth2/token
[05-08-2022 16:17:50] PayPal\Core\PayPalHttpConnection : INFO: Response Status 	: 200
[05-08-2022 16:17:50] PayPal\Core\PayPalHttpConnection : INFO: POST https://api.sandbox.paypal.com/v1/payments/billing-agreements/EC-17G69271PH265750T/agreement-execute
[05-08-2022 16:17:52] PayPal\Core\PayPalHttpConnection : INFO: Response Status 	: 200
[05-08-2022 16:17:52] PayPal\Core\PayPalHttpConnection : INFO: GET https://api.sandbox.paypal.com/v1/payments/billing-agreements/I-EEL1MS47MY3E
[05-08-2022 16:17:53] PayPal\Core\PayPalHttpConnection : INFO: Response Status 	: 200
[05-08-2022 16:23:20] PayPal\Core\PayPalHttpConnection : INFO: POST https://api.sandbox.paypal.com/v1/oauth2/token
[05-08-2022 16:23:21] PayPal\Core\PayPalHttpConnection : INFO: Response Status 	: 200
[05-08-2022 16:23:21] PayPal\Core\PayPalHttpConnection : INFO: POST https://api.sandbox.paypal.com/v1/payments/billing-plans/
[05-08-2022 16:23:23] PayPal\Core\PayPalHttpConnection : INFO: Response Status 	: 201
[05-08-2022 16:23:23] PayPal\Core\PayPalHttpConnection : INFO: GET https://api.sandbox.paypal.com/v1/payments/billing-plans/P-67J51344EN919203GNZR3RJA
[05-08-2022 16:23:24] PayPal\Core\PayPalHttpConnection : INFO: Response Status 	: 200
[05-08-2022 16:23:24] PayPal\Core\PayPalHttpConnection : INFO: PATCH https://api.sandbox.paypal.com/v1/payments/billing-plans/P-67J51344EN919203GNZR3RJA
[05-08-2022 16:23:25] PayPal\Core\PayPalHttpConnection : INFO: Response Status 	: 200
[05-08-2022 16:23:25] PayPal\Core\PayPalHttpConnection : INFO: GET https://api.sandbox.paypal.com/v1/payments/billing-plans/P-67J51344EN919203GNZR3RJA
[05-08-2022 16:23:27] PayPal\Core\PayPalHttpConnection : INFO: Response Status 	: 200
[05-08-2022 16:23:27] PayPal\Core\PayPalHttpConnection : INFO: POST https://api.sandbox.paypal.com/v1/payments/billing-agreements/
[05-08-2022 16:23:29] PayPal\Core\PayPalHttpConnection : INFO: Response Status 	: 201
[05-08-2022 16:23:59] PayPal\Core\PayPalHttpConnection : INFO: POST https://api.sandbox.paypal.com/v1/oauth2/token
[05-08-2022 16:24:00] PayPal\Core\PayPalHttpConnection : INFO: Response Status 	: 200
[05-08-2022 16:24:00] PayPal\Core\PayPalHttpConnection : INFO: POST https://api.sandbox.paypal.com/v1/payments/billing-agreements/EC-5FY13783NH146391X/agreement-execute
[05-08-2022 16:24:02] PayPal\Core\PayPalHttpConnection : INFO: Response Status 	: 200
[05-08-2022 16:24:02] PayPal\Core\PayPalHttpConnection : INFO: GET https://api.sandbox.paypal.com/v1/payments/billing-agreements/I-2U3DM429M02D
[05-08-2022 16:24:03] PayPal\Core\PayPalHttpConnection : INFO: Response Status 	: 200
[05-08-2022 16:27:47] PayPal\Core\PayPalHttpConnection : INFO: POST https://api.sandbox.paypal.com/v1/oauth2/token
[05-08-2022 16:27:48] PayPal\Core\PayPalHttpConnection : INFO: Response Status 	: 200
[05-08-2022 16:27:48] PayPal\Core\PayPalHttpConnection : INFO: POST https://api.sandbox.paypal.com/v1/payments/billing-plans/
[05-08-2022 16:27:49] PayPal\Core\PayPalHttpConnection : INFO: Response Status 	: 201
[05-08-2022 16:27:49] PayPal\Core\PayPalHttpConnection : INFO: GET https://api.sandbox.paypal.com/v1/payments/billing-plans/P-95F96755339419921NZT4R6Q
[05-08-2022 16:27:50] PayPal\Core\PayPalHttpConnection : INFO: Response Status 	: 200
[05-08-2022 16:27:50] PayPal\Core\PayPalHttpConnection : INFO: PATCH https://api.sandbox.paypal.com/v1/payments/billing-plans/P-95F96755339419921NZT4R6Q
[05-08-2022 16:27:51] PayPal\Core\PayPalHttpConnection : INFO: Response Status 	: 200
[05-08-2022 16:27:51] PayPal\Core\PayPalHttpConnection : INFO: GET https://api.sandbox.paypal.com/v1/payments/billing-plans/P-95F96755339419921NZT4R6Q
[05-08-2022 16:27:52] PayPal\Core\PayPalHttpConnection : INFO: Response Status 	: 200
[05-08-2022 16:27:52] PayPal\Core\PayPalHttpConnection : INFO: POST https://api.sandbox.paypal.com/v1/payments/billing-agreements/
[05-08-2022 16:27:53] PayPal\Core\PayPalHttpConnection : INFO: Response Status 	: 201
[05-08-2022 16:28:15] PayPal\Core\PayPalHttpConnection : INFO: POST https://api.sandbox.paypal.com/v1/oauth2/token
[05-08-2022 16:28:16] PayPal\Core\PayPalHttpConnection : INFO: Response Status 	: 200
[05-08-2022 16:28:16] PayPal\Core\PayPalHttpConnection : INFO: POST https://api.sandbox.paypal.com/v1/payments/billing-agreements/EC-0DJ08450LB5632420/agreement-execute
[05-08-2022 16:28:17] PayPal\Core\PayPalHttpConnection : INFO: Response Status 	: 200
[05-08-2022 16:28:17] PayPal\Core\PayPalHttpConnection : INFO: GET https://api.sandbox.paypal.com/v1/payments/billing-agreements/I-BU65NS8FTG3C
[05-08-2022 16:28:18] PayPal\Core\PayPalHttpConnection : INFO: Response Status 	: 200
[05-08-2022 17:11:50] PayPal\Core\PayPalHttpConnection : INFO: POST https://api.sandbox.paypal.com/v1/oauth2/token
[05-08-2022 17:12:03] PayPal\Core\PayPalHttpConnection : INFO: POST https://api.sandbox.paypal.com/v1/oauth2/token
[05-08-2022 17:12:04] PayPal\Core\PayPalHttpConnection : INFO: Response Status 	: 200
[05-08-2022 17:12:04] PayPal\Core\PayPalHttpConnection : INFO: POST https://api.sandbox.paypal.com/v1/payments/billing-plans/
[05-08-2022 17:12:06] PayPal\Core\PayPalHttpConnection : INFO: Response Status 	: 201
[05-08-2022 17:12:06] PayPal\Core\PayPalHttpConnection : INFO: GET https://api.sandbox.paypal.com/v1/payments/billing-plans/P-27K41935TF285344GN2IEPMA
[05-08-2022 17:12:07] PayPal\Core\PayPalHttpConnection : INFO: Response Status 	: 200
[05-08-2022 17:12:07] PayPal\Core\PayPalHttpConnection : INFO: PATCH https://api.sandbox.paypal.com/v1/payments/billing-plans/P-27K41935TF285344GN2IEPMA
[05-08-2022 17:12:34] PayPal\Core\PayPalHttpConnection : INFO: POST https://api.sandbox.paypal.com/v1/oauth2/token
[05-08-2022 17:13:03] PayPal\Core\PayPalHttpConnection : INFO: POST https://api.sandbox.paypal.com/v1/oauth2/token
[05-08-2022 17:13:04] PayPal\Core\PayPalHttpConnection : INFO: Response Status 	: 200
[05-08-2022 17:13:04] PayPal\Core\PayPalHttpConnection : INFO: POST https://api.sandbox.paypal.com/v1/payments/billing-plans/
[05-08-2022 17:13:05] PayPal\Core\PayPalHttpConnection : INFO: Response Status 	: 201
[05-08-2022 17:13:05] PayPal\Core\PayPalHttpConnection : INFO: GET https://api.sandbox.paypal.com/v1/payments/billing-plans/P-5J259667JF757263WN2IS4HI
[05-08-2022 17:13:06] PayPal\Core\PayPalHttpConnection : INFO: Response Status 	: 200
[05-08-2022 17:13:06] PayPal\Core\PayPalHttpConnection : INFO: PATCH https://api.sandbox.paypal.com/v1/payments/billing-plans/P-5J259667JF757263WN2IS4HI
[05-08-2022 17:13:07] PayPal\Core\PayPalHttpConnection : INFO: Response Status 	: 200
[05-08-2022 17:13:07] PayPal\Core\PayPalHttpConnection : INFO: GET https://api.sandbox.paypal.com/v1/payments/billing-plans/P-5J259667JF757263WN2IS4HI
[05-08-2022 17:13:08] PayPal\Core\PayPalHttpConnection : INFO: Response Status 	: 200
[05-08-2022 17:13:08] PayPal\Core\PayPalHttpConnection : INFO: POST https://api.sandbox.paypal.com/v1/payments/billing-agreements/
[05-08-2022 17:13:28] PayPal\Core\PayPalHttpConnection : INFO: POST https://api.sandbox.paypal.com/v1/oauth2/token
[05-08-2022 17:13:40] PayPal\Core\PayPalHttpConnection : INFO: POST https://api.sandbox.paypal.com/v1/oauth2/token
[05-08-2022 17:13:55] PayPal\Core\PayPalHttpConnection : INFO: POST https://api.sandbox.paypal.com/v1/oauth2/token
[05-08-2022 17:13:56] PayPal\Core\PayPalHttpConnection : INFO: Response Status 	: 200
[05-08-2022 17:13:56] PayPal\Core\PayPalHttpConnection : INFO: POST https://api.sandbox.paypal.com/v1/payments/billing-plans/
[05-08-2022 17:13:57] PayPal\Core\PayPalHttpConnection : INFO: Response Status 	: 201
[05-08-2022 17:13:57] PayPal\Core\PayPalHttpConnection : INFO: GET https://api.sandbox.paypal.com/v1/payments/billing-plans/P-3F771337NH9858713N2I7XMY
[05-08-2022 17:13:58] PayPal\Core\PayPalHttpConnection : INFO: Response Status 	: 200
[05-08-2022 17:13:58] PayPal\Core\PayPalHttpConnection : INFO: PATCH https://api.sandbox.paypal.com/v1/payments/billing-plans/P-3F771337NH9858713N2I7XMY
[05-08-2022 17:13:59] PayPal\Core\PayPalHttpConnection : INFO: Response Status 	: 200
[05-08-2022 17:13:59] PayPal\Core\PayPalHttpConnection : INFO: GET https://api.sandbox.paypal.com/v1/payments/billing-plans/P-3F771337NH9858713N2I7XMY
[05-08-2022 17:14:01] PayPal\Core\PayPalHttpConnection : INFO: Response Status 	: 200
[05-08-2022 17:14:01] PayPal\Core\PayPalHttpConnection : INFO: POST https://api.sandbox.paypal.com/v1/payments/billing-agreements/
[05-08-2022 17:14:02] PayPal\Core\PayPalHttpConnection : INFO: Response Status 	: 201
[05-08-2022 17:14:02] PayPal\Core\PayPalHttpConnection : INFO: POST https://api.sandbox.paypal.com/v1/oauth2/token
[05-08-2022 17:14:03] PayPal\Core\PayPalHttpConnection : INFO: Response Status 	: 200
[05-08-2022 17:14:03] PayPal\Core\PayPalHttpConnection : INFO: POST https://api.sandbox.paypal.com/v1/payments/billing-plans/
[05-08-2022 17:14:25] PayPal\Core\PayPalHttpConnection : INFO: POST https://api.sandbox.paypal.com/v1/oauth2/token
[05-08-2022 17:14:37] PayPal\Core\PayPalHttpConnection : INFO: POST https://api.sandbox.paypal.com/v1/oauth2/token
[05-08-2022 17:14:38] PayPal\Core\PayPalHttpConnection : INFO: Response Status 	: 200
[05-08-2022 17:14:38] PayPal\Core\PayPalHttpConnection : INFO: POST https://api.sandbox.paypal.com/v1/payments/billing-plans/
[05-08-2022 17:14:38] PayPal\Core\PayPalHttpConnection : INFO: Response Status 	: 201
[05-08-2022 17:14:39] PayPal\Core\PayPalHttpConnection : INFO: GET https://api.sandbox.paypal.com/v1/payments/billing-plans/P-9CD061410N9454549N2JJ2MA
[05-08-2022 17:14:40] PayPal\Core\PayPalHttpConnection : INFO: Response Status 	: 200
[05-08-2022 17:14:40] PayPal\Core\PayPalHttpConnection : INFO: PATCH https://api.sandbox.paypal.com/v1/payments/billing-plans/P-9CD061410N9454549N2JJ2MA
[05-08-2022 17:14:40] PayPal\Core\PayPalHttpConnection : INFO: Response Status 	: 200
[05-08-2022 17:14:40] PayPal\Core\PayPalHttpConnection : INFO: GET https://api.sandbox.paypal.com/v1/payments/billing-plans/P-9CD061410N9454549N2JJ2MA
[05-08-2022 17:14:55] PayPal\Core\PayPalHttpConnection : INFO: POST https://api.sandbox.paypal.com/v1/oauth2/token
[05-08-2022 17:15:05] PayPal\Core\PayPalHttpConnection : INFO: POST https://api.sandbox.paypal.com/v1/oauth2/token
[05-08-2022 17:15:07] PayPal\Core\PayPalHttpConnection : INFO: Response Status 	: 200
[05-08-2022 17:15:07] PayPal\Core\PayPalHttpConnection : INFO: POST https://api.sandbox.paypal.com/v1/payments/billing-plans/
[05-08-2022 17:15:08] PayPal\Core\PayPalHttpConnection : INFO: Response Status 	: 201
[05-08-2022 17:15:08] PayPal\Core\PayPalHttpConnection : INFO: GET https://api.sandbox.paypal.com/v1/payments/billing-plans/P-0HM04478RJ641103KN2JQ6BA
[05-08-2022 17:15:09] PayPal\Core\PayPalHttpConnection : INFO: Response Status 	: 200
[05-08-2022 17:15:09] PayPal\Core\PayPalHttpConnection : INFO: PATCH https://api.sandbox.paypal.com/v1/payments/billing-plans/P-0HM04478RJ641103KN2JQ6BA
[05-08-2022 17:15:10] PayPal\Core\PayPalHttpConnection : INFO: Response Status 	: 200
[05-08-2022 17:15:10] PayPal\Core\PayPalHttpConnection : INFO: GET https://api.sandbox.paypal.com/v1/payments/billing-plans/P-0HM04478RJ641103KN2JQ6BA
[05-08-2022 17:15:11] PayPal\Core\PayPalHttpConnection : INFO: Response Status 	: 200
[05-08-2022 17:15:11] PayPal\Core\PayPalHttpConnection : INFO: POST https://api.sandbox.paypal.com/v1/payments/billing-agreements/
[05-08-2022 17:15:12] PayPal\Core\PayPalHttpConnection : INFO: Response Status 	: 201
[05-08-2022 17:15:12] PayPal\Core\PayPalHttpConnection : INFO: POST https://api.sandbox.paypal.com/v1/oauth2/token
[05-08-2022 17:15:22] PayPal\Core\PayPalHttpConnection : INFO: POST https://api.sandbox.paypal.com/v1/oauth2/token
[05-08-2022 17:15:32] PayPal\Core\PayPalHttpConnection : INFO: POST https://api.sandbox.paypal.com/v1/oauth2/token
[05-08-2022 17:15:33] PayPal\Core\PayPalHttpConnection : INFO: Response Status 	: 200
[05-08-2022 17:15:33] PayPal\Core\PayPalHttpConnection : INFO: POST https://api.sandbox.paypal.com/v1/payments/billing-plans/
[05-08-2022 17:15:34] PayPal\Core\PayPalHttpConnection : INFO: Response Status 	: 201
[05-08-2022 17:15:34] PayPal\Core\PayPalHttpConnection : INFO: GET https://api.sandbox.paypal.com/v1/payments/billing-plans/P-4HD484598P213892JN2JXPWQ
[05-08-2022 17:15:35] PayPal\Core\PayPalHttpConnection : INFO: Response Status 	: 200
[05-08-2022 17:15:35] PayPal\Core\PayPalHttpConnection : INFO: PATCH https://api.sandbox.paypal.com/v1/payments/billing-plans/P-4HD484598P213892JN2JXPWQ
[05-08-2022 17:15:36] PayPal\Core\PayPalHttpConnection : INFO: Response Status 	: 200
[05-08-2022 17:15:36] PayPal\Core\PayPalHttpConnection : INFO: GET https://api.sandbox.paypal.com/v1/payments/billing-plans/P-4HD484598P213892JN2JXPWQ
[05-08-2022 17:15:37] PayPal\Core\PayPalHttpConnection : INFO: Response Status 	: 200
[05-08-2022 17:15:37] PayPal\Core\PayPalHttpConnection : INFO: POST https://api.sandbox.paypal.com/v1/payments/billing-agreements/
[05-08-2022 17:15:39] PayPal\Core\PayPalHttpConnection : INFO: Response Status 	: 201
[05-08-2022 17:16:32] PayPal\Core\PayPalHttpConnection : INFO: POST https://api.sandbox.paypal.com/v1/oauth2/token
[05-08-2022 17:16:33] PayPal\Core\PayPalHttpConnection : INFO: Response Status 	: 200
[05-08-2022 17:16:33] PayPal\Core\PayPalHttpConnection : INFO: POST https://api.sandbox.paypal.com/v1/payments/billing-agreements/EC-7JV5115357310502N/agreement-execute
[05-08-2022 17:16:34] PayPal\Core\PayPalHttpConnection : INFO: Response Status 	: 200
[05-08-2022 17:16:34] PayPal\Core\PayPalHttpConnection : INFO: GET https://api.sandbox.paypal.com/v1/payments/billing-agreements/I-6D5JX7VB4G4Y
[05-08-2022 17:16:35] PayPal\Core\PayPalHttpConnection : INFO: Response Status 	: 200
[05-08-2022 17:21:58] PayPal\Core\PayPalHttpConnection : INFO: POST https://api.sandbox.paypal.com/v1/oauth2/token
[05-08-2022 17:21:59] PayPal\Core\PayPalHttpConnection : INFO: Response Status 	: 200
[05-08-2022 17:21:59] PayPal\Core\PayPalHttpConnection : INFO: POST https://api.sandbox.paypal.com/v1/payments/billing-plans/
[05-08-2022 17:22:09] PayPal\Core\PayPalHttpConnection : INFO: POST https://api.sandbox.paypal.com/v1/oauth2/token
[05-08-2022 17:22:10] PayPal\Core\PayPalHttpConnection : INFO: Response Status 	: 200
[05-08-2022 17:22:10] PayPal\Core\PayPalHttpConnection : INFO: POST https://api.sandbox.paypal.com/v1/payments/billing-plans/
[05-08-2022 17:22:11] PayPal\Core\PayPalHttpConnection : INFO: Response Status 	: 201
[05-08-2022 17:22:11] PayPal\Core\PayPalHttpConnection : INFO: GET https://api.sandbox.paypal.com/v1/payments/billing-plans/P-8EF83865AC9438027N2MYGMA
[05-08-2022 17:22:11] PayPal\Core\PayPalHttpConnection : INFO: Response Status 	: 200
[05-08-2022 17:22:11] PayPal\Core\PayPalHttpConnection : INFO: PATCH https://api.sandbox.paypal.com/v1/payments/billing-plans/P-8EF83865AC9438027N2MYGMA
[05-08-2022 17:22:13] PayPal\Core\PayPalHttpConnection : INFO: Response Status 	: 200
[05-08-2022 17:22:13] PayPal\Core\PayPalHttpConnection : INFO: GET https://api.sandbox.paypal.com/v1/payments/billing-plans/P-8EF83865AC9438027N2MYGMA
[05-08-2022 17:22:14] PayPal\Core\PayPalHttpConnection : INFO: Response Status 	: 200
[05-08-2022 17:22:14] PayPal\Core\PayPalHttpConnection : INFO: POST https://api.sandbox.paypal.com/v1/payments/billing-agreements/
[05-08-2022 17:22:26] PayPal\Core\PayPalHttpConnection : INFO: POST https://api.sandbox.paypal.com/v1/oauth2/token
[05-08-2022 17:22:44] PayPal\Core\PayPalHttpConnection : INFO: POST https://api.sandbox.paypal.com/v1/oauth2/token
[05-08-2022 17:22:45] PayPal\Core\PayPalHttpConnection : INFO: Response Status 	: 200
[05-08-2022 17:22:45] PayPal\Core\PayPalHttpConnection : INFO: POST https://api.sandbox.paypal.com/v1/payments/billing-plans/
[05-08-2022 17:22:46] PayPal\Core\PayPalHttpConnection : INFO: Response Status 	: 201
[05-08-2022 17:22:46] PayPal\Core\PayPalHttpConnection : INFO: GET https://api.sandbox.paypal.com/v1/payments/billing-plans/P-59K41061BN6386119N2NA4WQ
[05-08-2022 17:23:03] PayPal\Core\PayPalHttpConnection : INFO: POST https://api.sandbox.paypal.com/v1/oauth2/token
[05-08-2022 17:23:04] PayPal\Core\PayPalHttpConnection : INFO: Response Status 	: 200
[05-08-2022 17:23:04] PayPal\Core\PayPalHttpConnection : INFO: POST https://api.sandbox.paypal.com/v1/payments/billing-plans/
[05-08-2022 17:23:05] PayPal\Core\PayPalHttpConnection : INFO: Response Status 	: 201
[05-08-2022 17:23:05] PayPal\Core\PayPalHttpConnection : INFO: GET https://api.sandbox.paypal.com/v1/payments/billing-plans/P-1JS25896D8076005JN2NFPYY
[05-08-2022 17:23:19] PayPal\Core\PayPalHttpConnection : INFO: POST https://api.sandbox.paypal.com/v1/oauth2/token
[05-08-2022 17:23:20] PayPal\Core\PayPalHttpConnection : INFO: Response Status 	: 200
[05-08-2022 17:23:20] PayPal\Core\PayPalHttpConnection : INFO: POST https://api.sandbox.paypal.com/v1/payments/billing-plans/
[05-08-2022 17:23:21] PayPal\Core\PayPalHttpConnection : INFO: Response Status 	: 201
[05-08-2022 17:23:21] PayPal\Core\PayPalHttpConnection : INFO: GET https://api.sandbox.paypal.com/v1/payments/billing-plans/P-68094123LY8954709N2NJODI
[05-08-2022 17:23:23] PayPal\Core\PayPalHttpConnection : INFO: Response Status 	: 200
[05-08-2022 17:23:23] PayPal\Core\PayPalHttpConnection : INFO: PATCH https://api.sandbox.paypal.com/v1/payments/billing-plans/P-68094123LY8954709N2NJODI
[05-08-2022 17:23:24] PayPal\Core\PayPalHttpConnection : INFO: Response Status 	: 200
[05-08-2022 17:23:24] PayPal\Core\PayPalHttpConnection : INFO: GET https://api.sandbox.paypal.com/v1/payments/billing-plans/P-68094123LY8954709N2NJODI
[05-08-2022 17:23:25] PayPal\Core\PayPalHttpConnection : INFO: Response Status 	: 200
[05-08-2022 17:23:25] PayPal\Core\PayPalHttpConnection : INFO: POST https://api.sandbox.paypal.com/v1/payments/billing-agreements/
[05-08-2022 17:23:26] PayPal\Core\PayPalHttpConnection : INFO: Response Status 	: 201
[05-08-2022 17:23:54] PayPal\Core\PayPalHttpConnection : INFO: POST https://api.sandbox.paypal.com/v1/oauth2/token
[05-08-2022 17:23:55] PayPal\Core\PayPalHttpConnection : INFO: Response Status 	: 200
[05-08-2022 17:23:55] PayPal\Core\PayPalHttpConnection : INFO: POST https://api.sandbox.paypal.com/v1/payments/billing-agreements/EC-61432294NK5675701/agreement-execute
[05-08-2022 17:24:24] PayPal\Core\PayPalHttpConnection : INFO: POST https://api.sandbox.paypal.com/v1/oauth2/token
[05-08-2022 17:24:25] PayPal\Core\PayPalHttpConnection : INFO: Response Status 	: 200
[05-08-2022 17:24:25] PayPal\Core\PayPalHttpConnection : INFO: POST https://api.sandbox.paypal.com/v1/payments/billing-plans/
[05-08-2022 17:24:26] PayPal\Core\PayPalHttpConnection : INFO: Response Status 	: 201
[05-08-2022 17:24:26] PayPal\Core\PayPalHttpConnection : INFO: GET https://api.sandbox.paypal.com/v1/payments/billing-plans/P-29U04943EM843811MN2NZKZI
[05-08-2022 17:24:27] PayPal\Core\PayPalHttpConnection : INFO: Response Status 	: 200
[05-08-2022 17:24:27] PayPal\Core\PayPalHttpConnection : INFO: PATCH https://api.sandbox.paypal.com/v1/payments/billing-plans/P-29U04943EM843811MN2NZKZI
[05-08-2022 17:24:28] PayPal\Core\PayPalHttpConnection : INFO: Response Status 	: 200
[05-08-2022 17:24:28] PayPal\Core\PayPalHttpConnection : INFO: GET https://api.sandbox.paypal.com/v1/payments/billing-plans/P-29U04943EM843811MN2NZKZI
[05-08-2022 17:24:29] PayPal\Core\PayPalHttpConnection : INFO: Response Status 	: 200
[05-08-2022 17:24:29] PayPal\Core\PayPalHttpConnection : INFO: POST https://api.sandbox.paypal.com/v1/payments/billing-agreements/
[05-08-2022 17:24:30] PayPal\Core\PayPalHttpConnection : INFO: Response Status 	: 201
[05-08-2022 17:24:48] PayPal\Core\PayPalHttpConnection : INFO: POST https://api.sandbox.paypal.com/v1/oauth2/token
[05-08-2022 17:24:49] PayPal\Core\PayPalHttpConnection : INFO: Response Status 	: 200
[05-08-2022 17:24:49] PayPal\Core\PayPalHttpConnection : INFO: POST https://api.sandbox.paypal.com/v1/payments/billing-agreements/EC-7WG90594E87068100/agreement-execute
[05-08-2022 17:24:50] PayPal\Core\PayPalHttpConnection : INFO: Response Status 	: 200
[05-08-2022 17:24:50] PayPal\Core\PayPalHttpConnection : INFO: GET https://api.sandbox.paypal.com/v1/payments/billing-agreements/I-73J7V6NLP75K
[05-08-2022 17:24:51] PayPal\Core\PayPalHttpConnection : INFO: Response Status 	: 200
[05-08-2022 18:11:21] PayPal\Core\PayPalHttpConnection : INFO: POST https://api.sandbox.paypal.com/v1/oauth2/token
[05-08-2022 18:11:26] PayPal\Core\PayPalHttpConnection : INFO: POST https://api.sandbox.paypal.com/v1/oauth2/token
[05-08-2022 18:11:28] PayPal\Core\PayPalHttpConnection : INFO: POST https://api.sandbox.paypal.com/v1/oauth2/token
[05-08-2022 18:11:29] PayPal\Core\PayPalHttpConnection : INFO: POST https://api.sandbox.paypal.com/v1/oauth2/token
[05-08-2022 18:11:29] PayPal\Core\PayPalHttpConnection : INFO: POST https://api.sandbox.paypal.com/v1/oauth2/token
[05-08-2022 18:11:29] PayPal\Core\PayPalHttpConnection : INFO: POST https://api.sandbox.paypal.com/v1/oauth2/token
[05-08-2022 18:11:30] PayPal\Core\PayPalHttpConnection : INFO: POST https://api.sandbox.paypal.com/v1/oauth2/token
[05-08-2022 18:11:30] PayPal\Core\PayPalHttpConnection : INFO: POST https://api.sandbox.paypal.com/v1/oauth2/token
[05-08-2022 18:11:30] PayPal\Core\PayPalHttpConnection : INFO: POST https://api.sandbox.paypal.com/v1/oauth2/token
[05-08-2022 18:11:30] PayPal\Core\PayPalHttpConnection : INFO: POST https://api.sandbox.paypal.com/v1/oauth2/token
[05-08-2022 18:11:31] PayPal\Core\PayPalHttpConnection : INFO: POST https://api.sandbox.paypal.com/v1/oauth2/token
[05-08-2022 18:11:31] PayPal\Core\PayPalHttpConnection : INFO: POST https://api.sandbox.paypal.com/v1/oauth2/token
[05-08-2022 18:11:31] PayPal\Core\PayPalHttpConnection : INFO: POST https://api.sandbox.paypal.com/v1/oauth2/token
[05-08-2022 18:11:32] PayPal\Core\PayPalHttpConnection : INFO: POST https://api.sandbox.paypal.com/v1/oauth2/token
[05-08-2022 18:11:32] PayPal\Core\PayPalHttpConnection : INFO: POST https://api.sandbox.paypal.com/v1/oauth2/token
[05-08-2022 18:11:32] PayPal\Core\PayPalHttpConnection : INFO: POST https://api.sandbox.paypal.com/v1/oauth2/token
[05-08-2022 18:11:32] PayPal\Core\PayPalHttpConnection : INFO: POST https://api.sandbox.paypal.com/v1/oauth2/token
[05-08-2022 18:11:33] PayPal\Core\PayPalHttpConnection : INFO: POST https://api.sandbox.paypal.com/v1/oauth2/token
[05-08-2022 18:11:33] PayPal\Core\PayPalHttpConnection : INFO: POST https://api.sandbox.paypal.com/v1/oauth2/token
[05-08-2022 18:11:33] PayPal\Core\PayPalHttpConnection : INFO: POST https://api.sandbox.paypal.com/v1/oauth2/token
[05-08-2022 18:11:33] PayPal\Core\PayPalHttpConnection : INFO: POST https://api.sandbox.paypal.com/v1/oauth2/token
[05-08-2022 18:11:34] PayPal\Core\PayPalHttpConnection : INFO: POST https://api.sandbox.paypal.com/v1/oauth2/token
[05-08-2022 18:12:00] PayPal\Core\PayPalHttpConnection : INFO: POST https://api.sandbox.paypal.com/v1/oauth2/token
[05-08-2022 18:16:34] PayPal\Core\PayPalHttpConnection : INFO: POST https://api.sandbox.paypal.com/v1/oauth2/token
[05-08-2022 18:16:47] PayPal\Core\PayPalHttpConnection : INFO: POST https://api.sandbox.paypal.com/v1/oauth2/token
[05-08-2022 20:28:27] PayPal\Core\PayPalHttpConnection : INFO: POST https://api.sandbox.paypal.com/v1/oauth2/token
[05-08-2022 20:28:30] PayPal\Core\PayPalHttpConnection : INFO: Response Status 	: 200
[05-08-2022 20:28:30] PayPal\Core\PayPalHttpConnection : INFO: GET https://api.sandbox.paypal.com/v1/payments/billing-agreements/I-73J7V6NLP75K
[05-08-2022 20:28:31] PayPal\Core\PayPalHttpConnection : INFO: Response Status 	: 200
[05-08-2022 20:28:31] PayPal\Core\PayPalHttpConnection : INFO: POST https://api.sandbox.paypal.com/v1/payments/billing-agreements/I-73J7V6NLP75K/cancel
[05-08-2022 20:28:32] PayPal\Core\PayPalHttpConnection : INFO: Response Status 	: 204
[05-08-2022 20:32:27] PayPal\Core\PayPalHttpConnection : INFO: POST https://api.sandbox.paypal.com/v1/oauth2/token
[05-08-2022 20:32:28] PayPal\Core\PayPalHttpConnection : INFO: Response Status 	: 200
[05-08-2022 20:32:28] PayPal\Core\PayPalHttpConnection : INFO: GET https://api.sandbox.paypal.com/v1/payments/billing-agreements/I-BU65NS8FTG3C
[05-08-2022 20:32:29] PayPal\Core\PayPalHttpConnection : INFO: Response Status 	: 200
[05-08-2022 20:32:30] PayPal\Core\PayPalHttpConnection : INFO: POST https://api.sandbox.paypal.com/v1/payments/billing-agreements/I-BU65NS8FTG3C/cancel
[05-08-2022 20:32:31] PayPal\Core\PayPalHttpConnection : INFO: Response Status 	: 204
[05-08-2022 20:34:48] PayPal\Core\PayPalHttpConnection : INFO: POST https://api.sandbox.paypal.com/v1/oauth2/token
[05-08-2022 20:34:50] PayPal\Core\PayPalHttpConnection : INFO: Response Status 	: 200
[05-08-2022 20:34:50] PayPal\Core\PayPalHttpConnection : INFO: GET https://api.sandbox.paypal.com/v1/payments/billing-agreements/I-2U3DM429M02D
[05-08-2022 20:34:51] PayPal\Core\PayPalHttpConnection : INFO: Response Status 	: 200
[05-08-2022 20:34:51] PayPal\Core\PayPalHttpConnection : INFO: POST https://api.sandbox.paypal.com/v1/payments/billing-agreements/I-2U3DM429M02D/cancel
[05-08-2022 20:34:52] PayPal\Core\PayPalHttpConnection : INFO: Response Status 	: 204
[05-08-2022 20:34:52] PayPal\Core\PayPalHttpConnection : INFO: GET https://api.sandbox.paypal.com/v1/payments/billing-agreements/I-2U3DM429M02D
[05-08-2022 20:34:53] PayPal\Core\PayPalHttpConnection : INFO: Response Status 	: 200
[05-08-2022 20:37:52] PayPal\Core\PayPalHttpConnection : INFO: POST https://api.sandbox.paypal.com/v1/oauth2/token
[05-08-2022 20:37:53] PayPal\Core\PayPalHttpConnection : INFO: Response Status 	: 200
[05-08-2022 20:37:53] PayPal\Core\PayPalHttpConnection : INFO: GET https://api.sandbox.paypal.com/v1/payments/billing-agreements/I-EEL1MS47MY3E
[05-08-2022 20:37:54] PayPal\Core\PayPalHttpConnection : INFO: Response Status 	: 200
[05-08-2022 20:37:54] PayPal\Core\PayPalHttpConnection : INFO: POST https://api.sandbox.paypal.com/v1/payments/billing-agreements/I-EEL1MS47MY3E/cancel
[05-08-2022 20:37:55] PayPal\Core\PayPalHttpConnection : INFO: Response Status 	: 204
[05-08-2022 20:37:55] PayPal\Core\PayPalHttpConnection : INFO: GET https://api.sandbox.paypal.com/v1/payments/billing-agreements/I-EEL1MS47MY3E
[05-08-2022 20:37:56] PayPal\Core\PayPalHttpConnection : INFO: Response Status 	: 200
[05-08-2022 20:39:54] PayPal\Core\PayPalHttpConnection : INFO: POST https://api.sandbox.paypal.com/v1/oauth2/token
[05-08-2022 20:39:55] PayPal\Core\PayPalHttpConnection : INFO: Response Status 	: 200
[05-08-2022 20:39:55] PayPal\Core\PayPalHttpConnection : INFO: GET https://api.sandbox.paypal.com/v1/payments/billing-agreements/I-J59HNHHF9WWU
[05-08-2022 20:39:56] PayPal\Core\PayPalHttpConnection : INFO: Response Status 	: 200
[05-08-2022 20:39:56] PayPal\Core\PayPalHttpConnection : INFO: POST https://api.sandbox.paypal.com/v1/payments/billing-agreements/I-J59HNHHF9WWU/cancel
[05-08-2022 20:39:58] PayPal\Core\PayPalHttpConnection : INFO: Response Status 	: 204
[05-08-2022 20:39:58] PayPal\Core\PayPalHttpConnection : INFO: GET https://api.sandbox.paypal.com/v1/payments/billing-agreements/I-J59HNHHF9WWU
[05-08-2022 20:39:58] PayPal\Core\PayPalHttpConnection : INFO: Response Status 	: 200
[05-08-2022 21:33:22] PayPal\Core\PayPalHttpConnection : INFO: POST https://api.sandbox.paypal.com/v1/oauth2/token
[05-08-2022 21:46:42] PayPal\Core\PayPalHttpConnection : INFO: POST https://api.sandbox.paypal.com/v1/oauth2/token
[05-08-2022 21:46:44] PayPal\Core\PayPalHttpConnection : INFO: Response Status 	: 200
[05-08-2022 21:46:44] PayPal\Core\PayPalHttpConnection : INFO: GET https://api.sandbox.paypal.com/v1/payments/billing-agreements/I-J59HNHHF9WWU
[05-08-2022 21:46:45] PayPal\Core\PayPalHttpConnection : INFO: Response Status 	: 200
[05-08-2022 21:46:45] PayPal\Core\PayPalHttpConnection : INFO: POST https://api.sandbox.paypal.com/v1/payments/billing-agreements/I-J59HNHHF9WWU/cancel
[05-08-2022 21:46:46] PayPal\Core\PayPalHttpConnection : INFO: Response Status 	: 400
[05-08-2022 21:46:46] PayPal\Core\PayPalHttpConnection : ERROR: Got Http response code 400 when accessing https://api.sandbox.paypal.com/v1/payments/billing-agreements/I-J59HNHHF9WWU/cancel. {"name":"STATUS_INVALID","debug_id":"5e1e672ab2692","message":"Invalid profile status for cancel action; profile should be active or suspended","information_link":"https://developer.paypal.com/docs/api/payments.billing-agreements#errors"}
[05-08-2022 22:13:47] PayPal\Core\PayPalHttpConnection : INFO: POST https://api.sandbox.paypal.com/v1/oauth2/token
[05-08-2022 22:13:48] PayPal\Core\PayPalHttpConnection : INFO: Response Status 	: 200
[05-08-2022 22:13:48] PayPal\Core\PayPalHttpConnection : INFO: POST https://api.sandbox.paypal.com/v1/payments/billing-plans/
[05-08-2022 22:13:49] PayPal\Core\PayPalHttpConnection : INFO: Response Status 	: 201
[05-08-2022 22:13:49] PayPal\Core\PayPalHttpConnection : INFO: GET https://api.sandbox.paypal.com/v1/payments/billing-plans/P-9211782247617210GN6SISAY
[05-08-2022 22:13:50] PayPal\Core\PayPalHttpConnection : INFO: Response Status 	: 200
[05-08-2022 22:13:50] PayPal\Core\PayPalHttpConnection : INFO: PATCH https://api.sandbox.paypal.com/v1/payments/billing-plans/P-9211782247617210GN6SISAY
[05-08-2022 22:13:51] PayPal\Core\PayPalHttpConnection : INFO: Response Status 	: 200
[05-08-2022 22:13:51] PayPal\Core\PayPalHttpConnection : INFO: GET https://api.sandbox.paypal.com/v1/payments/billing-plans/P-9211782247617210GN6SISAY
[05-08-2022 22:13:52] PayPal\Core\PayPalHttpConnection : INFO: Response Status 	: 200
[05-08-2022 22:13:52] PayPal\Core\PayPalHttpConnection : INFO: POST https://api.sandbox.paypal.com/v1/payments/billing-agreements/
[05-08-2022 22:13:53] PayPal\Core\PayPalHttpConnection : INFO: Response Status 	: 201
[05-08-2022 22:14:16] PayPal\Core\PayPalHttpConnection : INFO: POST https://api.sandbox.paypal.com/v1/oauth2/token
[05-08-2022 22:14:16] PayPal\Core\PayPalHttpConnection : INFO: Response Status 	: 200
[05-08-2022 22:14:16] PayPal\Core\PayPalHttpConnection : INFO: POST https://api.sandbox.paypal.com/v1/payments/billing-plans/
[05-08-2022 22:14:18] PayPal\Core\PayPalHttpConnection : INFO: Response Status 	: 201
[05-08-2022 22:14:18] PayPal\Core\PayPalHttpConnection : INFO: GET https://api.sandbox.paypal.com/v1/payments/billing-plans/P-36745068AG779624UN6SPQ3A
[05-08-2022 22:14:19] PayPal\Core\PayPalHttpConnection : INFO: Response Status 	: 200
[05-08-2022 22:14:19] PayPal\Core\PayPalHttpConnection : INFO: PATCH https://api.sandbox.paypal.com/v1/payments/billing-plans/P-36745068AG779624UN6SPQ3A
[05-08-2022 22:14:20] PayPal\Core\PayPalHttpConnection : INFO: Response Status 	: 200
[05-08-2022 22:14:20] PayPal\Core\PayPalHttpConnection : INFO: GET https://api.sandbox.paypal.com/v1/payments/billing-plans/P-36745068AG779624UN6SPQ3A
[05-08-2022 22:14:21] PayPal\Core\PayPalHttpConnection : INFO: Response Status 	: 200
[05-08-2022 22:14:21] PayPal\Core\PayPalHttpConnection : INFO: POST https://api.sandbox.paypal.com/v1/payments/billing-agreements/
[05-08-2022 22:14:22] PayPal\Core\PayPalHttpConnection : INFO: Response Status 	: 201
[05-08-2022 22:14:47] PayPal\Core\PayPalHttpConnection : INFO: POST https://api.sandbox.paypal.com/v1/oauth2/token
[05-08-2022 22:14:48] PayPal\Core\PayPalHttpConnection : INFO: Response Status 	: 200
[05-08-2022 22:14:48] PayPal\Core\PayPalHttpConnection : INFO: POST https://api.sandbox.paypal.com/v1/payments/billing-agreements/EC-61413345UU708313X/agreement-execute
[05-08-2022 22:14:50] PayPal\Core\PayPalHttpConnection : INFO: Response Status 	: 200
[05-08-2022 22:14:50] PayPal\Core\PayPalHttpConnection : INFO: GET https://api.sandbox.paypal.com/v1/payments/billing-agreements/I-1S2CY166MW33
[05-08-2022 22:14:53] PayPal\Core\PayPalHttpConnection : INFO: Response Status 	: 200
[05-08-2022 22:18:01] PayPal\Core\PayPalHttpConnection : INFO: POST https://api.sandbox.paypal.com/v1/oauth2/token
[05-08-2022 22:18:02] PayPal\Core\PayPalHttpConnection : INFO: Response Status 	: 200
[05-08-2022 22:18:02] PayPal\Core\PayPalHttpConnection : INFO: POST https://api.sandbox.paypal.com/v1/payments/billing-agreements/EC-61413345UU708313X/agreement-execute
[05-08-2022 22:18:03] PayPal\Core\PayPalHttpConnection : INFO: Response Status 	: 200
[05-08-2022 22:18:03] PayPal\Core\PayPalHttpConnection : INFO: GET https://api.sandbox.paypal.com/v1/payments/billing-agreements/I-1S2CY166MW33
[05-08-2022 22:18:04] PayPal\Core\PayPalHttpConnection : INFO: Response Status 	: 200
[05-08-2022 22:18:13] PayPal\Core\PayPalHttpConnection : INFO: POST https://api.sandbox.paypal.com/v1/oauth2/token
[05-08-2022 22:18:14] PayPal\Core\PayPalHttpConnection : INFO: Response Status 	: 200
[05-08-2022 22:18:14] PayPal\Core\PayPalHttpConnection : INFO: POST https://api.sandbox.paypal.com/v1/payments/billing-plans/
[05-08-2022 22:18:16] PayPal\Core\PayPalHttpConnection : INFO: Response Status 	: 201
[05-08-2022 22:18:16] PayPal\Core\PayPalHttpConnection : INFO: GET https://api.sandbox.paypal.com/v1/payments/billing-plans/P-4KD936260H2246938N6UJUWQ
[05-08-2022 22:18:17] PayPal\Core\PayPalHttpConnection : INFO: Response Status 	: 200
[05-08-2022 22:18:17] PayPal\Core\PayPalHttpConnection : INFO: PATCH https://api.sandbox.paypal.com/v1/payments/billing-plans/P-4KD936260H2246938N6UJUWQ
[05-08-2022 22:18:18] PayPal\Core\PayPalHttpConnection : INFO: Response Status 	: 200
[05-08-2022 22:18:18] PayPal\Core\PayPalHttpConnection : INFO: GET https://api.sandbox.paypal.com/v1/payments/billing-plans/P-4KD936260H2246938N6UJUWQ
[05-08-2022 22:18:19] PayPal\Core\PayPalHttpConnection : INFO: Response Status 	: 200
[05-08-2022 22:18:19] PayPal\Core\PayPalHttpConnection : INFO: POST https://api.sandbox.paypal.com/v1/payments/billing-agreements/
[05-08-2022 22:18:20] PayPal\Core\PayPalHttpConnection : INFO: Response Status 	: 201
[05-08-2022 22:18:22] PayPal\Core\PayPalHttpConnection : INFO: POST https://api.sandbox.paypal.com/v1/oauth2/token
[05-08-2022 22:18:24] PayPal\Core\PayPalHttpConnection : INFO: Response Status 	: 200
[05-08-2022 22:18:24] PayPal\Core\PayPalHttpConnection : INFO: GET https://api.sandbox.paypal.com/v1/payments/billing-agreements/I-J59HNHHF9WWU
[05-08-2022 22:18:26] PayPal\Core\PayPalHttpConnection : INFO: Response Status 	: 200
[05-08-2022 22:18:26] PayPal\Core\PayPalHttpConnection : INFO: POST https://api.sandbox.paypal.com/v1/payments/billing-agreements/I-J59HNHHF9WWU/cancel
[05-08-2022 22:18:26] PayPal\Core\PayPalHttpConnection : INFO: Response Status 	: 400
[05-08-2022 22:18:26] PayPal\Core\PayPalHttpConnection : ERROR: Got Http response code 400 when accessing https://api.sandbox.paypal.com/v1/payments/billing-agreements/I-J59HNHHF9WWU/cancel. {"name":"STATUS_INVALID","debug_id":"9c60082d6a975","message":"Invalid profile status for cancel action; profile should be active or suspended","information_link":"https://developer.paypal.com/docs/api/payments.billing-agreements#errors"}
[05-08-2022 22:19:59] PayPal\Core\PayPalHttpConnection : INFO: POST https://api.sandbox.paypal.com/v1/oauth2/token
[05-08-2022 22:20:01] PayPal\Core\PayPalHttpConnection : INFO: Response Status 	: 200
[05-08-2022 22:20:01] PayPal\Core\PayPalHttpConnection : INFO: GET https://api.sandbox.paypal.com/v1/payments/billing-agreements/I-1S2CY166MW33
[05-08-2022 22:20:02] PayPal\Core\PayPalHttpConnection : INFO: Response Status 	: 200
[05-08-2022 22:20:02] PayPal\Core\PayPalHttpConnection : INFO: POST https://api.sandbox.paypal.com/v1/payments/billing-agreements/I-1S2CY166MW33/cancel
[05-08-2022 22:20:03] PayPal\Core\PayPalHttpConnection : INFO: Response Status 	: 204
[05-08-2022 22:23:05] PayPal\Core\PayPalHttpConnection : INFO: POST https://api.sandbox.paypal.com/v1/oauth2/token
[05-08-2022 22:23:06] PayPal\Core\PayPalHttpConnection : INFO: Response Status 	: 200
[05-08-2022 22:23:06] PayPal\Core\PayPalHttpConnection : INFO: POST https://api.sandbox.paypal.com/v1/payments/billing-plans/
[05-08-2022 22:23:07] PayPal\Core\PayPalHttpConnection : INFO: Response Status 	: 201
[05-08-2022 22:23:07] PayPal\Core\PayPalHttpConnection : INFO: GET https://api.sandbox.paypal.com/v1/payments/billing-plans/P-0TP55860XE645705LN6WQ4MI
[05-08-2022 22:23:09] PayPal\Core\PayPalHttpConnection : INFO: Response Status 	: 200
[05-08-2022 22:23:09] PayPal\Core\PayPalHttpConnection : INFO: PATCH https://api.sandbox.paypal.com/v1/payments/billing-plans/P-0TP55860XE645705LN6WQ4MI
[05-08-2022 22:23:09] PayPal\Core\PayPalHttpConnection : INFO: Response Status 	: 200
[05-08-2022 22:23:09] PayPal\Core\PayPalHttpConnection : INFO: GET https://api.sandbox.paypal.com/v1/payments/billing-plans/P-0TP55860XE645705LN6WQ4MI
[05-08-2022 22:23:10] PayPal\Core\PayPalHttpConnection : INFO: Response Status 	: 200
[05-08-2022 22:23:10] PayPal\Core\PayPalHttpConnection : INFO: POST https://api.sandbox.paypal.com/v1/payments/billing-agreements/
[05-08-2022 22:23:12] PayPal\Core\PayPalHttpConnection : INFO: Response Status 	: 201
[05-08-2022 22:23:28] PayPal\Core\PayPalHttpConnection : INFO: POST https://api.sandbox.paypal.com/v1/oauth2/token
[05-08-2022 22:23:30] PayPal\Core\PayPalHttpConnection : INFO: Response Status 	: 200
[05-08-2022 22:23:30] PayPal\Core\PayPalHttpConnection : INFO: POST https://api.sandbox.paypal.com/v1/payments/billing-agreements/EC-5TT109066V972005N/agreement-execute
[05-08-2022 22:23:31] PayPal\Core\PayPalHttpConnection : INFO: Response Status 	: 200
[05-08-2022 22:23:31] PayPal\Core\PayPalHttpConnection : INFO: GET https://api.sandbox.paypal.com/v1/payments/billing-agreements/I-HENDPEKSYHK8
[05-08-2022 22:23:32] PayPal\Core\PayPalHttpConnection : INFO: Response Status 	: 200
[05-08-2022 22:24:42] PayPal\Core\PayPalHttpConnection : INFO: POST https://api.sandbox.paypal.com/v1/oauth2/token
[05-08-2022 22:24:42] PayPal\Core\PayPalHttpConnection : INFO: Response Status 	: 200
[05-08-2022 22:24:42] PayPal\Core\PayPalHttpConnection : INFO: GET https://api.sandbox.paypal.com/v1/payments/billing-agreements/I-HENDPEKSYHK8
[05-08-2022 22:24:44] PayPal\Core\PayPalHttpConnection : INFO: Response Status 	: 200
[05-08-2022 22:24:44] PayPal\Core\PayPalHttpConnection : INFO: POST https://api.sandbox.paypal.com/v1/payments/billing-agreements/I-HENDPEKSYHK8/cancel
[05-08-2022 22:24:45] PayPal\Core\PayPalHttpConnection : INFO: Response Status 	: 204
[05-08-2022 22:28:09] PayPal\Core\PayPalHttpConnection : INFO: POST https://api.sandbox.paypal.com/v1/oauth2/token
[05-08-2022 22:28:10] PayPal\Core\PayPalHttpConnection : INFO: Response Status 	: 200
[05-08-2022 22:28:10] PayPal\Core\PayPalHttpConnection : INFO: POST https://api.sandbox.paypal.com/v1/payments/billing-plans/
[05-08-2022 22:28:12] PayPal\Core\PayPalHttpConnection : INFO: Response Status 	: 201
[05-08-2022 22:28:12] PayPal\Core\PayPalHttpConnection : INFO: GET https://api.sandbox.paypal.com/v1/payments/billing-plans/P-7BN36474D0146242DN6Y3KCQ
[05-08-2022 22:28:13] PayPal\Core\PayPalHttpConnection : INFO: Response Status 	: 200
[05-08-2022 22:28:13] PayPal\Core\PayPalHttpConnection : INFO: PATCH https://api.sandbox.paypal.com/v1/payments/billing-plans/P-7BN36474D0146242DN6Y3KCQ
[05-08-2022 22:28:14] PayPal\Core\PayPalHttpConnection : INFO: Response Status 	: 200
[05-08-2022 22:28:14] PayPal\Core\PayPalHttpConnection : INFO: GET https://api.sandbox.paypal.com/v1/payments/billing-plans/P-7BN36474D0146242DN6Y3KCQ
[05-08-2022 22:28:16] PayPal\Core\PayPalHttpConnection : INFO: Response Status 	: 200
[05-08-2022 22:28:16] PayPal\Core\PayPalHttpConnection : INFO: POST https://api.sandbox.paypal.com/v1/payments/billing-agreements/
[05-08-2022 22:28:17] PayPal\Core\PayPalHttpConnection : INFO: Response Status 	: 201
[05-08-2022 22:28:17] PayPal\Core\PayPalHttpConnection : INFO: POST https://api.sandbox.paypal.com/v1/oauth2/token
[05-08-2022 22:28:18] PayPal\Core\PayPalHttpConnection : INFO: Response Status 	: 200
[05-08-2022 22:28:18] PayPal\Core\PayPalHttpConnection : INFO: POST https://api.sandbox.paypal.com/v1/payments/billing-plans/
[05-08-2022 22:28:19] PayPal\Core\PayPalHttpConnection : INFO: Response Status 	: 201
[05-08-2022 22:28:19] PayPal\Core\PayPalHttpConnection : INFO: GET https://api.sandbox.paypal.com/v1/payments/billing-plans/P-9KB689090U940071XN6Y5AFQ
[05-08-2022 22:28:20] PayPal\Core\PayPalHttpConnection : INFO: Response Status 	: 200
[05-08-2022 22:28:20] PayPal\Core\PayPalHttpConnection : INFO: PATCH https://api.sandbox.paypal.com/v1/payments/billing-plans/P-9KB689090U940071XN6Y5AFQ
[05-08-2022 22:28:21] PayPal\Core\PayPalHttpConnection : INFO: Response Status 	: 200
[05-08-2022 22:28:21] PayPal\Core\PayPalHttpConnection : INFO: GET https://api.sandbox.paypal.com/v1/payments/billing-plans/P-9KB689090U940071XN6Y5AFQ
[05-08-2022 22:28:22] PayPal\Core\PayPalHttpConnection : INFO: Response Status 	: 200
[05-08-2022 22:28:22] PayPal\Core\PayPalHttpConnection : INFO: POST https://api.sandbox.paypal.com/v1/payments/billing-agreements/
[05-08-2022 22:28:23] PayPal\Core\PayPalHttpConnection : INFO: Response Status 	: 201
[05-08-2022 22:28:39] PayPal\Core\PayPalHttpConnection : INFO: POST https://api.sandbox.paypal.com/v1/oauth2/token
[05-08-2022 22:28:40] PayPal\Core\PayPalHttpConnection : INFO: Response Status 	: 200
[05-08-2022 22:28:40] PayPal\Core\PayPalHttpConnection : INFO: POST https://api.sandbox.paypal.com/v1/payments/billing-agreements/EC-3X3055489K717183U/agreement-execute
[05-08-2022 22:28:41] PayPal\Core\PayPalHttpConnection : INFO: Response Status 	: 200
[05-08-2022 22:28:41] PayPal\Core\PayPalHttpConnection : INFO: GET https://api.sandbox.paypal.com/v1/payments/billing-agreements/I-03B320WPP7K2
[05-08-2022 22:28:42] PayPal\Core\PayPalHttpConnection : INFO: Response Status 	: 200
[05-08-2022 22:29:13] PayPal\Core\PayPalHttpConnection : INFO: POST https://api.sandbox.paypal.com/v1/oauth2/token
[05-08-2022 22:29:14] PayPal\Core\PayPalHttpConnection : INFO: Response Status 	: 200
[05-08-2022 22:29:14] PayPal\Core\PayPalHttpConnection : INFO: GET https://api.sandbox.paypal.com/v1/payments/billing-agreements/I-03B320WPP7K2
[05-08-2022 22:29:15] PayPal\Core\PayPalHttpConnection : INFO: Response Status 	: 200
[05-08-2022 22:29:15] PayPal\Core\PayPalHttpConnection : INFO: POST https://api.sandbox.paypal.com/v1/payments/billing-agreements/I-03B320WPP7K2/cancel
[05-08-2022 22:29:16] PayPal\Core\PayPalHttpConnection : INFO: Response Status 	: 204
[05-08-2022 22:39:50] PayPal\Core\PayPalHttpConnection : INFO: POST https://api.sandbox.paypal.com/v1/oauth2/token
[05-08-2022 22:39:52] PayPal\Core\PayPalHttpConnection : INFO: Response Status 	: 200
[05-08-2022 22:39:52] PayPal\Core\PayPalHttpConnection : INFO: POST https://api.sandbox.paypal.com/v1/payments/billing-plans/
[05-08-2022 22:39:53] PayPal\Core\PayPalHttpConnection : INFO: Response Status 	: 201
[05-08-2022 22:39:53] PayPal\Core\PayPalHttpConnection : INFO: GET https://api.sandbox.paypal.com/v1/payments/billing-plans/P-4S616056H3234033WN66GLGI
[05-08-2022 22:39:54] PayPal\Core\PayPalHttpConnection : INFO: Response Status 	: 200
[05-08-2022 22:39:54] PayPal\Core\PayPalHttpConnection : INFO: PATCH https://api.sandbox.paypal.com/v1/payments/billing-plans/P-4S616056H3234033WN66GLGI
[05-08-2022 22:39:55] PayPal\Core\PayPalHttpConnection : INFO: Response Status 	: 200
[05-08-2022 22:39:55] PayPal\Core\PayPalHttpConnection : INFO: GET https://api.sandbox.paypal.com/v1/payments/billing-plans/P-4S616056H3234033WN66GLGI
[05-08-2022 22:39:56] PayPal\Core\PayPalHttpConnection : INFO: Response Status 	: 200
[05-08-2022 22:39:56] PayPal\Core\PayPalHttpConnection : INFO: POST https://api.sandbox.paypal.com/v1/payments/billing-agreements/
[05-08-2022 22:39:58] PayPal\Core\PayPalHttpConnection : INFO: Response Status 	: 201
[05-08-2022 22:40:19] PayPal\Core\PayPalHttpConnection : INFO: POST https://api.sandbox.paypal.com/v1/oauth2/token
[05-08-2022 22:40:19] PayPal\Core\PayPalHttpConnection : INFO: Response Status 	: 200
[05-08-2022 22:40:19] PayPal\Core\PayPalHttpConnection : INFO: POST https://api.sandbox.paypal.com/v1/payments/billing-agreements/EC-2WJ90556FL771231H/agreement-execute
[05-08-2022 22:40:21] PayPal\Core\PayPalHttpConnection : INFO: Response Status 	: 200
[05-08-2022 22:40:21] PayPal\Core\PayPalHttpConnection : INFO: GET https://api.sandbox.paypal.com/v1/payments/billing-agreements/I-7ET3XDP0TGTN
[05-08-2022 22:40:22] PayPal\Core\PayPalHttpConnection : INFO: Response Status 	: 200
[05-08-2022 22:41:09] PayPal\Core\PayPalHttpConnection : INFO: POST https://api.sandbox.paypal.com/v1/oauth2/token
[05-08-2022 22:41:09] PayPal\Core\PayPalHttpConnection : INFO: Response Status 	: 200
[05-08-2022 22:41:09] PayPal\Core\PayPalHttpConnection : INFO: GET https://api.sandbox.paypal.com/v1/payments/billing-agreements/I-7ET3XDP0TGTN
[05-08-2022 22:41:10] PayPal\Core\PayPalHttpConnection : INFO: Response Status 	: 200
[05-08-2022 22:41:10] PayPal\Core\PayPalHttpConnection : INFO: POST https://api.sandbox.paypal.com/v1/payments/billing-agreements/I-7ET3XDP0TGTN/cancel
[05-08-2022 22:41:13] PayPal\Core\PayPalHttpConnection : INFO: Response Status 	: 204
[05-08-2022 22:43:39] PayPal\Core\PayPalHttpConnection : INFO: POST https://api.sandbox.paypal.com/v1/oauth2/token
[05-08-2022 22:43:40] PayPal\Core\PayPalHttpConnection : INFO: Response Status 	: 200
[05-08-2022 22:43:40] PayPal\Core\PayPalHttpConnection : INFO: POST https://api.sandbox.paypal.com/v1/payments/billing-plans/
[05-08-2022 22:43:41] PayPal\Core\PayPalHttpConnection : INFO: Response Status 	: 201
[05-08-2022 22:43:41] PayPal\Core\PayPalHttpConnection : INFO: GET https://api.sandbox.paypal.com/v1/payments/billing-plans/P-10R396077H319771LN676ESY
[05-08-2022 22:43:42] PayPal\Core\PayPalHttpConnection : INFO: Response Status 	: 200
[05-08-2022 22:43:42] PayPal\Core\PayPalHttpConnection : INFO: PATCH https://api.sandbox.paypal.com/v1/payments/billing-plans/P-10R396077H319771LN676ESY
[05-08-2022 22:43:43] PayPal\Core\PayPalHttpConnection : INFO: Response Status 	: 200
[05-08-2022 22:43:43] PayPal\Core\PayPalHttpConnection : INFO: GET https://api.sandbox.paypal.com/v1/payments/billing-plans/P-10R396077H319771LN676ESY
[05-08-2022 22:43:44] PayPal\Core\PayPalHttpConnection : INFO: Response Status 	: 200
[05-08-2022 22:43:44] PayPal\Core\PayPalHttpConnection : INFO: POST https://api.sandbox.paypal.com/v1/payments/billing-agreements/
[05-08-2022 22:43:46] PayPal\Core\PayPalHttpConnection : INFO: Response Status 	: 201
[05-08-2022 22:44:22] PayPal\Core\PayPalHttpConnection : INFO: POST https://api.sandbox.paypal.com/v1/oauth2/token
[05-08-2022 22:44:23] PayPal\Core\PayPalHttpConnection : INFO: Response Status 	: 200
[05-08-2022 22:44:23] PayPal\Core\PayPalHttpConnection : INFO: POST https://api.sandbox.paypal.com/v1/payments/billing-agreements/EC-03612250AG878605M/agreement-execute
[05-08-2022 22:44:24] PayPal\Core\PayPalHttpConnection : INFO: Response Status 	: 200
[05-08-2022 22:44:24] PayPal\Core\PayPalHttpConnection : INFO: GET https://api.sandbox.paypal.com/v1/payments/billing-agreements/I-3W5W0C12G1U0
[05-08-2022 22:44:25] PayPal\Core\PayPalHttpConnection : INFO: Response Status 	: 200
[05-08-2022 22:44:43] PayPal\Core\PayPalHttpConnection : INFO: POST https://api.sandbox.paypal.com/v1/oauth2/token
[05-08-2022 22:44:44] PayPal\Core\PayPalHttpConnection : INFO: Response Status 	: 200
[05-08-2022 22:44:44] PayPal\Core\PayPalHttpConnection : INFO: POST https://api.sandbox.paypal.com/v1/payments/billing-plans/
[05-08-2022 22:44:45] PayPal\Core\PayPalHttpConnection : INFO: Response Status 	: 201
[05-08-2022 22:44:45] PayPal\Core\PayPalHttpConnection : INFO: GET https://api.sandbox.paypal.com/v1/payments/billing-plans/P-8YA04450WP7766510N7ANYCQ
[05-08-2022 22:44:46] PayPal\Core\PayPalHttpConnection : INFO: Response Status 	: 200
[05-08-2022 22:44:46] PayPal\Core\PayPalHttpConnection : INFO: PATCH https://api.sandbox.paypal.com/v1/payments/billing-plans/P-8YA04450WP7766510N7ANYCQ
[05-08-2022 22:44:47] PayPal\Core\PayPalHttpConnection : INFO: Response Status 	: 200
[05-08-2022 22:44:47] PayPal\Core\PayPalHttpConnection : INFO: GET https://api.sandbox.paypal.com/v1/payments/billing-plans/P-8YA04450WP7766510N7ANYCQ
[05-08-2022 22:44:48] PayPal\Core\PayPalHttpConnection : INFO: Response Status 	: 200
[05-08-2022 22:44:48] PayPal\Core\PayPalHttpConnection : INFO: POST https://api.sandbox.paypal.com/v1/payments/billing-agreements/
[05-08-2022 22:44:50] PayPal\Core\PayPalHttpConnection : INFO: Response Status 	: 201
[05-08-2022 22:44:50] PayPal\Core\PayPalHttpConnection : INFO: POST https://api.sandbox.paypal.com/v1/oauth2/token
[05-08-2022 22:44:51] PayPal\Core\PayPalHttpConnection : INFO: Response Status 	: 200
[05-08-2022 22:44:51] PayPal\Core\PayPalHttpConnection : INFO: GET https://api.sandbox.paypal.com/v1/payments/billing-agreements/I-3W5W0C12G1U0
[05-08-2022 22:44:52] PayPal\Core\PayPalHttpConnection : INFO: Response Status 	: 200
[05-08-2022 22:44:52] PayPal\Core\PayPalHttpConnection : INFO: POST https://api.sandbox.paypal.com/v1/payments/billing-agreements/I-3W5W0C12G1U0/cancel
[05-08-2022 22:44:53] PayPal\Core\PayPalHttpConnection : INFO: Response Status 	: 204
[06-08-2022 08:47:15] PayPal\Core\PayPalHttpConnection : INFO: POST https://api.sandbox.paypal.com/v1/oauth2/token
[06-08-2022 08:47:18] PayPal\Core\PayPalHttpConnection : INFO: Response Status 	: 200
[06-08-2022 08:47:18] PayPal\Core\PayPalHttpConnection : INFO: POST https://api.sandbox.paypal.com/v1/payments/billing-plans/
[06-08-2022 08:47:19] PayPal\Core\PayPalHttpConnection : INFO: Response Status 	: 201
[06-08-2022 08:47:19] PayPal\Core\PayPalHttpConnection : INFO: GET https://api.sandbox.paypal.com/v1/payments/billing-plans/P-6MG00949D0128545GOHUIF3Q
[06-08-2022 08:47:20] PayPal\Core\PayPalHttpConnection : INFO: Response Status 	: 200
[06-08-2022 08:47:20] PayPal\Core\PayPalHttpConnection : INFO: PATCH https://api.sandbox.paypal.com/v1/payments/billing-plans/P-6MG00949D0128545GOHUIF3Q
[06-08-2022 08:47:21] PayPal\Core\PayPalHttpConnection : INFO: Response Status 	: 200
[06-08-2022 08:47:21] PayPal\Core\PayPalHttpConnection : INFO: GET https://api.sandbox.paypal.com/v1/payments/billing-plans/P-6MG00949D0128545GOHUIF3Q
[06-08-2022 08:47:22] PayPal\Core\PayPalHttpConnection : INFO: Response Status 	: 200
[06-08-2022 08:47:22] PayPal\Core\PayPalHttpConnection : INFO: POST https://api.sandbox.paypal.com/v1/payments/billing-agreements/
[06-08-2022 08:47:23] PayPal\Core\PayPalHttpConnection : INFO: Response Status 	: 201
[06-08-2022 08:49:10] PayPal\Core\PayPalHttpConnection : INFO: POST https://api.sandbox.paypal.com/v1/oauth2/token
[06-08-2022 08:53:17] PayPal\Core\PayPalHttpConnection : INFO: POST https://api.sandbox.paypal.com/v1/oauth2/token
[06-08-2022 08:53:19] PayPal\Core\PayPalHttpConnection : INFO: Response Status 	: 200
[06-08-2022 08:53:19] PayPal\Core\PayPalHttpConnection : INFO: POST https://api.sandbox.paypal.com/v1/payments/billing-plans/
[06-08-2022 08:53:19] PayPal\Core\PayPalHttpConnection : INFO: Response Status 	: 201
[06-08-2022 08:53:20] PayPal\Core\PayPalHttpConnection : INFO: GET https://api.sandbox.paypal.com/v1/payments/billing-plans/P-7V5231925Y0474152OHXAGEY
[06-08-2022 08:53:20] PayPal\Core\PayPalHttpConnection : INFO: Response Status 	: 200
[06-08-2022 08:53:20] PayPal\Core\PayPalHttpConnection : INFO: PATCH https://api.sandbox.paypal.com/v1/payments/billing-plans/P-7V5231925Y0474152OHXAGEY
[06-08-2022 08:53:22] PayPal\Core\PayPalHttpConnection : INFO: Response Status 	: 200
[06-08-2022 08:53:22] PayPal\Core\PayPalHttpConnection : INFO: GET https://api.sandbox.paypal.com/v1/payments/billing-plans/P-7V5231925Y0474152OHXAGEY
[06-08-2022 08:53:23] PayPal\Core\PayPalHttpConnection : INFO: Response Status 	: 200
[06-08-2022 08:53:23] PayPal\Core\PayPalHttpConnection : INFO: POST https://api.sandbox.paypal.com/v1/payments/billing-agreements/
[06-08-2022 08:53:24] PayPal\Core\PayPalHttpConnection : INFO: Response Status 	: 201
[06-08-2022 08:54:15] PayPal\Core\PayPalHttpConnection : INFO: POST https://api.sandbox.paypal.com/v1/oauth2/token
[06-08-2022 08:54:16] PayPal\Core\PayPalHttpConnection : INFO: Response Status 	: 200
[06-08-2022 08:54:16] PayPal\Core\PayPalHttpConnection : INFO: POST https://api.sandbox.paypal.com/v1/payments/billing-agreements/EC-5W7851975V409793S/agreement-execute
[06-08-2022 08:54:18] PayPal\Core\PayPalHttpConnection : INFO: Response Status 	: 200
[06-08-2022 08:54:18] PayPal\Core\PayPalHttpConnection : INFO: GET https://api.sandbox.paypal.com/v1/payments/billing-agreements/I-N78855X76WGS
[06-08-2022 08:54:19] PayPal\Core\PayPalHttpConnection : INFO: Response Status 	: 200
[06-08-2022 08:59:02] PayPal\Core\PayPalHttpConnection : INFO: POST https://api.sandbox.paypal.com/v1/oauth2/token
[06-08-2022 08:59:03] PayPal\Core\PayPalHttpConnection : INFO: Response Status 	: 200
[06-08-2022 08:59:03] PayPal\Core\PayPalHttpConnection : INFO: POST https://api.sandbox.paypal.com/v1/payments/billing-plans/
[06-08-2022 08:59:05] PayPal\Core\PayPalHttpConnection : INFO: Response Status 	: 201
[06-08-2022 08:59:05] PayPal\Core\PayPalHttpConnection : INFO: GET https://api.sandbox.paypal.com/v1/payments/billing-plans/P-8434882836233460BOHZUOHY
[06-08-2022 08:59:06] PayPal\Core\PayPalHttpConnection : INFO: Response Status 	: 200
[06-08-2022 08:59:06] PayPal\Core\PayPalHttpConnection : INFO: PATCH https://api.sandbox.paypal.com/v1/payments/billing-plans/P-8434882836233460BOHZUOHY
[06-08-2022 08:59:07] PayPal\Core\PayPalHttpConnection : INFO: Response Status 	: 200
[06-08-2022 08:59:07] PayPal\Core\PayPalHttpConnection : INFO: GET https://api.sandbox.paypal.com/v1/payments/billing-plans/P-8434882836233460BOHZUOHY
[06-08-2022 08:59:08] PayPal\Core\PayPalHttpConnection : INFO: Response Status 	: 200
[06-08-2022 08:59:08] PayPal\Core\PayPalHttpConnection : INFO: POST https://api.sandbox.paypal.com/v1/payments/billing-agreements/
[06-08-2022 08:59:10] PayPal\Core\PayPalHttpConnection : INFO: Response Status 	: 201
[06-08-2022 09:01:41] PayPal\Core\PayPalHttpConnection : INFO: POST https://api.sandbox.paypal.com/v1/oauth2/token
[06-08-2022 09:01:42] PayPal\Core\PayPalHttpConnection : INFO: Response Status 	: 200
[06-08-2022 09:01:42] PayPal\Core\PayPalHttpConnection : INFO: POST https://api.sandbox.paypal.com/v1/payments/billing-plans/
[06-08-2022 09:01:43] PayPal\Core\PayPalHttpConnection : INFO: Response Status 	: 201
[06-08-2022 09:01:43] PayPal\Core\PayPalHttpConnection : INFO: GET https://api.sandbox.paypal.com/v1/payments/billing-plans/P-6YJ208724L817044DOH23CQA
[06-08-2022 09:01:44] PayPal\Core\PayPalHttpConnection : INFO: Response Status 	: 200
[06-08-2022 09:01:44] PayPal\Core\PayPalHttpConnection : INFO: PATCH https://api.sandbox.paypal.com/v1/payments/billing-plans/P-6YJ208724L817044DOH23CQA
[06-08-2022 09:01:45] PayPal\Core\PayPalHttpConnection : INFO: Response Status 	: 200
[06-08-2022 09:01:45] PayPal\Core\PayPalHttpConnection : INFO: GET https://api.sandbox.paypal.com/v1/payments/billing-plans/P-6YJ208724L817044DOH23CQA
[06-08-2022 09:01:45] PayPal\Core\PayPalHttpConnection : INFO: Response Status 	: 200
[06-08-2022 09:01:45] PayPal\Core\PayPalHttpConnection : INFO: POST https://api.sandbox.paypal.com/v1/payments/billing-agreements/
[06-08-2022 09:01:47] PayPal\Core\PayPalHttpConnection : INFO: Response Status 	: 201
[06-08-2022 09:08:14] PayPal\Core\PayPalHttpConnection : INFO: POST https://api.sandbox.paypal.com/v1/oauth2/token
[06-08-2022 09:08:16] PayPal\Core\PayPalHttpConnection : INFO: Response Status 	: 200
[06-08-2022 09:08:16] PayPal\Core\PayPalHttpConnection : INFO: POST https://api.sandbox.paypal.com/v1/payments/billing-plans/
[06-08-2022 09:08:17] PayPal\Core\PayPalHttpConnection : INFO: Response Status 	: 201
[06-08-2022 09:08:17] PayPal\Core\PayPalHttpConnection : INFO: GET https://api.sandbox.paypal.com/v1/payments/billing-plans/P-6SF74812M6472161DOH53IXA
[06-08-2022 09:08:18] PayPal\Core\PayPalHttpConnection : INFO: Response Status 	: 200
[06-08-2022 09:08:18] PayPal\Core\PayPalHttpConnection : INFO: PATCH https://api.sandbox.paypal.com/v1/payments/billing-plans/P-6SF74812M6472161DOH53IXA
[06-08-2022 09:08:19] PayPal\Core\PayPalHttpConnection : INFO: Response Status 	: 200
[06-08-2022 09:08:19] PayPal\Core\PayPalHttpConnection : INFO: GET https://api.sandbox.paypal.com/v1/payments/billing-plans/P-6SF74812M6472161DOH53IXA
[06-08-2022 09:08:20] PayPal\Core\PayPalHttpConnection : INFO: Response Status 	: 200
[06-08-2022 09:08:20] PayPal\Core\PayPalHttpConnection : INFO: POST https://api.sandbox.paypal.com/v1/payments/billing-agreements/
[06-08-2022 09:08:22] PayPal\Core\PayPalHttpConnection : INFO: Response Status 	: 201
[06-08-2022 09:18:36] PayPal\Core\PayPalHttpConnection : INFO: POST https://api.sandbox.paypal.com/v1/oauth2/token
[06-08-2022 09:18:37] PayPal\Core\PayPalHttpConnection : INFO: Response Status 	: 200
[06-08-2022 09:18:37] PayPal\Core\PayPalHttpConnection : INFO: POST https://api.sandbox.paypal.com/v1/payments/billing-plans/
[06-08-2022 09:18:38] PayPal\Core\PayPalHttpConnection : INFO: Response Status 	: 201
[06-08-2022 09:18:38] PayPal\Core\PayPalHttpConnection : INFO: GET https://api.sandbox.paypal.com/v1/payments/billing-plans/P-1EW89105AF388023ROICTA6Y
[06-08-2022 09:18:39] PayPal\Core\PayPalHttpConnection : INFO: Response Status 	: 200
[06-08-2022 09:18:39] PayPal\Core\PayPalHttpConnection : INFO: PATCH https://api.sandbox.paypal.com/v1/payments/billing-plans/P-1EW89105AF388023ROICTA6Y
[06-08-2022 09:18:40] PayPal\Core\PayPalHttpConnection : INFO: Response Status 	: 200
[06-08-2022 09:18:40] PayPal\Core\PayPalHttpConnection : INFO: GET https://api.sandbox.paypal.com/v1/payments/billing-plans/P-1EW89105AF388023ROICTA6Y
[06-08-2022 09:18:41] PayPal\Core\PayPalHttpConnection : INFO: Response Status 	: 200
[06-08-2022 09:18:41] PayPal\Core\PayPalHttpConnection : INFO: POST https://api.sandbox.paypal.com/v1/payments/billing-agreements/
[06-08-2022 09:18:42] PayPal\Core\PayPalHttpConnection : INFO: Response Status 	: 201
[06-08-2022 09:22:42] PayPal\Core\PayPalHttpConnection : INFO: POST https://api.sandbox.paypal.com/v1/oauth2/token
[06-08-2022 09:22:43] PayPal\Core\PayPalHttpConnection : INFO: Response Status 	: 200
[06-08-2022 09:22:43] PayPal\Core\PayPalHttpConnection : INFO: POST https://api.sandbox.paypal.com/v1/payments/billing-plans/
[06-08-2022 09:22:44] PayPal\Core\PayPalHttpConnection : INFO: Response Status 	: 201
[06-08-2022 09:22:44] PayPal\Core\PayPalHttpConnection : INFO: GET https://api.sandbox.paypal.com/v1/payments/billing-plans/P-7RH77879GX349843EOIEPDGI
[06-08-2022 09:22:45] PayPal\Core\PayPalHttpConnection : INFO: Response Status 	: 200
[06-08-2022 09:22:45] PayPal\Core\PayPalHttpConnection : INFO: PATCH https://api.sandbox.paypal.com/v1/payments/billing-plans/P-7RH77879GX349843EOIEPDGI
[06-08-2022 09:22:46] PayPal\Core\PayPalHttpConnection : INFO: Response Status 	: 200
[06-08-2022 09:22:46] PayPal\Core\PayPalHttpConnection : INFO: GET https://api.sandbox.paypal.com/v1/payments/billing-plans/P-7RH77879GX349843EOIEPDGI
[06-08-2022 09:22:47] PayPal\Core\PayPalHttpConnection : INFO: Response Status 	: 200
[06-08-2022 09:22:47] PayPal\Core\PayPalHttpConnection : INFO: POST https://api.sandbox.paypal.com/v1/payments/billing-agreements/
[06-08-2022 09:22:49] PayPal\Core\PayPalHttpConnection : INFO: Response Status 	: 201
[06-08-2022 09:23:48] PayPal\Core\PayPalHttpConnection : INFO: POST https://api.sandbox.paypal.com/v1/oauth2/token
[06-08-2022 09:23:49] PayPal\Core\PayPalHttpConnection : INFO: Response Status 	: 200
[06-08-2022 09:23:49] PayPal\Core\PayPalHttpConnection : INFO: POST https://api.sandbox.paypal.com/v1/payments/billing-agreements/EC-179504075B041591Y/agreement-execute
[06-08-2022 09:23:50] PayPal\Core\PayPalHttpConnection : INFO: Response Status 	: 200
[06-08-2022 09:23:50] PayPal\Core\PayPalHttpConnection : INFO: GET https://api.sandbox.paypal.com/v1/payments/billing-agreements/I-2KP4TT5U0J5S
[06-08-2022 09:23:51] PayPal\Core\PayPalHttpConnection : INFO: Response Status 	: 200
[06-08-2022 09:28:49] PayPal\Core\PayPalHttpConnection : INFO: POST https://api.sandbox.paypal.com/v1/oauth2/token
[06-08-2022 09:28:50] PayPal\Core\PayPalHttpConnection : INFO: Response Status 	: 200
[06-08-2022 09:28:50] PayPal\Core\PayPalHttpConnection : INFO: POST https://api.sandbox.paypal.com/v1/payments/billing-agreements/EC-179504075B041591Y/agreement-execute
[06-08-2022 09:28:51] PayPal\Core\PayPalHttpConnection : INFO: Response Status 	: 200
[06-08-2022 09:28:51] PayPal\Core\PayPalHttpConnection : INFO: GET https://api.sandbox.paypal.com/v1/payments/billing-agreements/I-2KP4TT5U0J5S
[06-08-2022 09:28:52] PayPal\Core\PayPalHttpConnection : INFO: Response Status 	: 200
[06-08-2022 10:54:34] PayPal\Core\PayPalHttpConnection : INFO: POST https://api.sandbox.paypal.com/v1/oauth2/token
[06-08-2022 10:54:36] PayPal\Core\PayPalHttpConnection : INFO: Response Status 	: 200
[06-08-2022 10:54:36] PayPal\Core\PayPalHttpConnection : INFO: POST https://api.sandbox.paypal.com/v1/payments/billing-plans/
[06-08-2022 10:54:37] PayPal\Core\PayPalHttpConnection : INFO: Response Status 	: 201
[06-08-2022 10:54:37] PayPal\Core\PayPalHttpConnection : INFO: GET https://api.sandbox.paypal.com/v1/payments/billing-plans/P-8MF53871SV420534GOJORDXY
[06-08-2022 10:54:38] PayPal\Core\PayPalHttpConnection : INFO: Response Status 	: 200
[06-08-2022 10:54:38] PayPal\Core\PayPalHttpConnection : INFO: PATCH https://api.sandbox.paypal.com/v1/payments/billing-plans/P-8MF53871SV420534GOJORDXY
[06-08-2022 10:54:39] PayPal\Core\PayPalHttpConnection : INFO: Response Status 	: 200
[06-08-2022 10:54:39] PayPal\Core\PayPalHttpConnection : INFO: GET https://api.sandbox.paypal.com/v1/payments/billing-plans/P-8MF53871SV420534GOJORDXY
[06-08-2022 10:54:40] PayPal\Core\PayPalHttpConnection : INFO: Response Status 	: 200
[06-08-2022 10:54:40] PayPal\Core\PayPalHttpConnection : INFO: POST https://api.sandbox.paypal.com/v1/payments/billing-agreements/
[06-08-2022 10:54:41] PayPal\Core\PayPalHttpConnection : INFO: Response Status 	: 201
[06-08-2022 11:13:32] PayPal\Core\PayPalHttpConnection : INFO: POST https://api.sandbox.paypal.com/v1/oauth2/token
[06-08-2022 11:13:33] PayPal\Core\PayPalHttpConnection : INFO: Response Status 	: 200
[06-08-2022 11:13:33] PayPal\Core\PayPalHttpConnection : INFO: POST https://api.sandbox.paypal.com/v1/payments/billing-plans/
[06-08-2022 11:13:34] PayPal\Core\PayPalHttpConnection : INFO: Response Status 	: 201
[06-08-2022 11:13:34] PayPal\Core\PayPalHttpConnection : INFO: GET https://api.sandbox.paypal.com/v1/payments/billing-plans/P-2E159644U12144127OJXG3AQ
[06-08-2022 11:13:36] PayPal\Core\PayPalHttpConnection : INFO: Response Status 	: 200
[06-08-2022 11:13:36] PayPal\Core\PayPalHttpConnection : INFO: PATCH https://api.sandbox.paypal.com/v1/payments/billing-plans/P-2E159644U12144127OJXG3AQ
[06-08-2022 11:13:37] PayPal\Core\PayPalHttpConnection : INFO: Response Status 	: 200
[06-08-2022 11:13:37] PayPal\Core\PayPalHttpConnection : INFO: GET https://api.sandbox.paypal.com/v1/payments/billing-plans/P-2E159644U12144127OJXG3AQ
[06-08-2022 11:13:38] PayPal\Core\PayPalHttpConnection : INFO: Response Status 	: 200
[06-08-2022 11:13:38] PayPal\Core\PayPalHttpConnection : INFO: POST https://api.sandbox.paypal.com/v1/payments/billing-agreements/
[06-08-2022 11:13:39] PayPal\Core\PayPalHttpConnection : INFO: Response Status 	: 201
[06-08-2022 14:54:10] PayPal\Core\PayPalHttpConnection : INFO: POST https://api.sandbox.paypal.com/v1/oauth2/token
[06-08-2022 14:54:11] PayPal\Core\PayPalHttpConnection : INFO: Response Status 	: 200
[06-08-2022 14:54:11] PayPal\Core\PayPalHttpConnection : INFO: GET https://api.sandbox.paypal.com/v1/payments/billing-agreements/I-2KP4TT5U0J5S
[06-08-2022 14:54:12] PayPal\Core\PayPalHttpConnection : INFO: Response Status 	: 200
[06-08-2022 14:54:13] PayPal\Core\PayPalHttpConnection : INFO: POST https://api.sandbox.paypal.com/v1/payments/billing-agreements/I-2KP4TT5U0J5S/cancel
[06-08-2022 14:54:14] PayPal\Core\PayPalHttpConnection : INFO: Response Status 	: 204
[06-08-2022 15:44:13] PayPal\Core\PayPalHttpConnection : INFO: POST https://api.sandbox.paypal.com/v1/oauth2/token
[06-08-2022 15:44:14] PayPal\Core\PayPalHttpConnection : INFO: Response Status 	: 200
[06-08-2022 15:44:14] PayPal\Core\PayPalHttpConnection : INFO: POST https://api.sandbox.paypal.com/v1/payments/billing-plans/
[06-08-2022 15:44:15] PayPal\Core\PayPalHttpConnection : INFO: Response Status 	: 201
[06-08-2022 15:44:15] PayPal\Core\PayPalHttpConnection : INFO: GET https://api.sandbox.paypal.com/v1/payments/billing-plans/P-4CC3570557733503KONTEMBA
[06-08-2022 15:44:16] PayPal\Core\PayPalHttpConnection : INFO: Response Status 	: 200
[06-08-2022 15:44:16] PayPal\Core\PayPalHttpConnection : INFO: PATCH https://api.sandbox.paypal.com/v1/payments/billing-plans/P-4CC3570557733503KONTEMBA
[06-08-2022 15:44:17] PayPal\Core\PayPalHttpConnection : INFO: Response Status 	: 200
[06-08-2022 15:44:17] PayPal\Core\PayPalHttpConnection : INFO: GET https://api.sandbox.paypal.com/v1/payments/billing-plans/P-4CC3570557733503KONTEMBA
[06-08-2022 15:44:18] PayPal\Core\PayPalHttpConnection : INFO: Response Status 	: 200
[06-08-2022 15:44:18] PayPal\Core\PayPalHttpConnection : INFO: POST https://api.sandbox.paypal.com/v1/payments/billing-agreements/
[06-08-2022 15:44:20] PayPal\Core\PayPalHttpConnection : INFO: Response Status 	: 201
[06-08-2022 15:44:44] PayPal\Core\PayPalHttpConnection : INFO: POST https://api.sandbox.paypal.com/v1/oauth2/token
[06-08-2022 15:44:45] PayPal\Core\PayPalHttpConnection : INFO: Response Status 	: 200
[06-08-2022 15:44:45] PayPal\Core\PayPalHttpConnection : INFO: POST https://api.sandbox.paypal.com/v1/payments/billing-agreements/EC-4N663941E8335524B/agreement-execute
[06-08-2022 15:44:46] PayPal\Core\PayPalHttpConnection : INFO: Response Status 	: 200
[06-08-2022 15:44:46] PayPal\Core\PayPalHttpConnection : INFO: GET https://api.sandbox.paypal.com/v1/payments/billing-agreements/I-V8PYW44CD25R
[06-08-2022 15:44:47] PayPal\Core\PayPalHttpConnection : INFO: Response Status 	: 200
[06-08-2022 15:45:47] PayPal\Core\PayPalHttpConnection : INFO: POST https://api.sandbox.paypal.com/v1/oauth2/token
[06-08-2022 15:45:48] PayPal\Core\PayPalHttpConnection : INFO: Response Status 	: 200
[06-08-2022 15:45:48] PayPal\Core\PayPalHttpConnection : INFO: GET https://api.sandbox.paypal.com/v1/payments/billing-agreements/I-V8PYW44CD25R
[06-08-2022 15:45:49] PayPal\Core\PayPalHttpConnection : INFO: Response Status 	: 200
[06-08-2022 15:45:49] PayPal\Core\PayPalHttpConnection : INFO: POST https://api.sandbox.paypal.com/v1/payments/billing-agreements/I-V8PYW44CD25R/cancel
[06-08-2022 15:45:50] PayPal\Core\PayPalHttpConnection : INFO: Response Status 	: 204
[14-09-2022 17:48:46] PayPal\Core\PayPalHttpConnection : INFO: POST https://api.sandbox.paypal.com/v1/oauth2/token
[14-09-2022 17:48:54] PayPal\Core\PayPalHttpConnection : INFO: Response Status 	: 200
[14-09-2022 17:48:55] PayPal\Core\PayPalHttpConnection : INFO: POST https://api.sandbox.paypal.com/v1/payments/billing-plans/
[14-09-2022 17:49:02] PayPal\Core\PayPalHttpConnection : INFO: Response Status 	: 201
[14-09-2022 17:49:03] PayPal\Core\PayPalHttpConnection : INFO: GET https://api.sandbox.paypal.com/v1/payments/billing-plans/P-6XK63160JS146730JHSYHUMA
[14-09-2022 17:49:11] PayPal\Core\PayPalHttpConnection : INFO: Response Status 	: 200
[14-09-2022 17:49:11] PayPal\Core\PayPalHttpConnection : INFO: PATCH https://api.sandbox.paypal.com/v1/payments/billing-plans/P-6XK63160JS146730JHSYHUMA
[14-09-2022 17:49:15] PayPal\Core\PayPalHttpConnection : INFO: Response Status 	: 200
[14-09-2022 17:49:15] PayPal\Core\PayPalHttpConnection : INFO: GET https://api.sandbox.paypal.com/v1/payments/billing-plans/P-6XK63160JS146730JHSYHUMA
[14-09-2022 17:49:17] PayPal\Core\PayPalHttpConnection : INFO: Response Status 	: 200
[14-09-2022 17:49:17] PayPal\Core\PayPalHttpConnection : INFO: POST https://api.sandbox.paypal.com/v1/payments/billing-agreements/
[14-09-2022 17:49:24] PayPal\Core\PayPalHttpConnection : INFO: Response Status 	: 201
[14-09-2022 18:04:53] PayPal\Core\PayPalHttpConnection : INFO: POST https://api.sandbox.paypal.com/v1/oauth2/token
[14-09-2022 18:04:56] PayPal\Core\PayPalHttpConnection : INFO: Response Status 	: 200
[14-09-2022 18:04:56] PayPal\Core\PayPalHttpConnection : INFO: POST https://api.sandbox.paypal.com/v1/payments/billing-plans/
[14-09-2022 18:05:01] PayPal\Core\PayPalHttpConnection : INFO: Response Status 	: 201
[14-09-2022 18:05:01] PayPal\Core\PayPalHttpConnection : INFO: GET https://api.sandbox.paypal.com/v1/payments/billing-plans/P-1BE52526L4150663AHS7R3JA
[14-09-2022 18:05:05] PayPal\Core\PayPalHttpConnection : INFO: Response Status 	: 200
[14-09-2022 18:05:05] PayPal\Core\PayPalHttpConnection : INFO: PATCH https://api.sandbox.paypal.com/v1/payments/billing-plans/P-1BE52526L4150663AHS7R3JA
[14-09-2022 18:05:07] PayPal\Core\PayPalHttpConnection : INFO: Response Status 	: 200
[14-09-2022 18:05:07] PayPal\Core\PayPalHttpConnection : INFO: GET https://api.sandbox.paypal.com/v1/payments/billing-plans/P-1BE52526L4150663AHS7R3JA
[14-09-2022 18:06:17] PayPal\Core\PayPalHttpConnection : INFO: POST https://api.sandbox.paypal.com/v1/oauth2/token
[14-09-2022 18:06:19] PayPal\Core\PayPalHttpConnection : INFO: Response Status 	: 200
[14-09-2022 18:06:19] PayPal\Core\PayPalHttpConnection : INFO: POST https://api.sandbox.paypal.com/v1/payments/billing-plans/
[14-09-2022 18:06:20] PayPal\Core\PayPalHttpConnection : INFO: Response Status 	: 201
[14-09-2022 18:06:20] PayPal\Core\PayPalHttpConnection : INFO: GET https://api.sandbox.paypal.com/v1/payments/billing-plans/P-7RS78763JP806945RHTAFCTY
[14-09-2022 18:06:21] PayPal\Core\PayPalHttpConnection : INFO: Response Status 	: 200
[14-09-2022 18:06:21] PayPal\Core\PayPalHttpConnection : INFO: PATCH https://api.sandbox.paypal.com/v1/payments/billing-plans/P-7RS78763JP806945RHTAFCTY
[14-09-2022 18:06:23] PayPal\Core\PayPalHttpConnection : INFO: Response Status 	: 200
[14-09-2022 18:06:23] PayPal\Core\PayPalHttpConnection : INFO: GET https://api.sandbox.paypal.com/v1/payments/billing-plans/P-7RS78763JP806945RHTAFCTY
[14-09-2022 18:06:26] PayPal\Core\PayPalHttpConnection : INFO: Response Status 	: 200
[14-09-2022 18:06:26] PayPal\Core\PayPalHttpConnection : INFO: POST https://api.sandbox.paypal.com/v1/payments/billing-agreements/
[14-09-2022 18:06:29] PayPal\Core\PayPalHttpConnection : INFO: Response Status 	: 201
[14-09-2022 18:07:45] PayPal\Core\PayPalHttpConnection : INFO: POST https://api.sandbox.paypal.com/v1/oauth2/token
[14-09-2022 18:07:48] PayPal\Core\PayPalHttpConnection : INFO: Response Status 	: 200
[14-09-2022 18:07:48] PayPal\Core\PayPalHttpConnection : INFO: POST https://api.sandbox.paypal.com/v1/payments/billing-agreements/EC-57L96162RN622204A/agreement-execute
[14-09-2022 18:07:51] PayPal\Core\PayPalHttpConnection : INFO: Response Status 	: 200
[14-09-2022 18:07:52] PayPal\Core\PayPalHttpConnection : INFO: GET https://api.sandbox.paypal.com/v1/payments/billing-agreements/I-LYWL5RF7UD3X
[14-09-2022 18:07:55] PayPal\Core\PayPalHttpConnection : INFO: Response Status 	: 200
[14-09-2022 18:24:50] PayPal\Core\PayPalHttpConnection : INFO: POST https://api.sandbox.paypal.com/v1/oauth2/token
[14-09-2022 18:24:58] PayPal\Core\PayPalHttpConnection : INFO: Response Status 	: 200
[14-09-2022 18:24:58] PayPal\Core\PayPalHttpConnection : INFO: GET https://api.sandbox.paypal.com/v1/payments/billing-agreements/I-LYWL5RF7UD3X
[14-09-2022 18:25:00] PayPal\Core\PayPalHttpConnection : INFO: Response Status 	: 200
[14-09-2022 18:25:00] PayPal\Core\PayPalHttpConnection : INFO: POST https://api.sandbox.paypal.com/v1/payments/billing-agreements/I-LYWL5RF7UD3X/cancel
[14-09-2022 18:25:01] PayPal\Core\PayPalHttpConnection : INFO: Response Status 	: 204
[16-09-2022 21:23:31] PayPal\Core\PayPalHttpConnection : INFO: POST https://api.sandbox.paypal.com/v1/oauth2/token
[16-09-2022 21:23:34] PayPal\Core\PayPalHttpConnection : INFO: Response Status 	: 200
[16-09-2022 21:23:34] PayPal\Core\PayPalHttpConnection : INFO: POST https://api.sandbox.paypal.com/v1/payments/billing-plans/
[16-09-2022 21:23:35] PayPal\Core\PayPalHttpConnection : INFO: Response Status 	: 201
[16-09-2022 21:23:35] PayPal\Core\PayPalHttpConnection : INFO: GET https://api.sandbox.paypal.com/v1/payments/billing-plans/P-7UR05319M67666826I7AZ77I
[16-09-2022 21:23:36] PayPal\Core\PayPalHttpConnection : INFO: Response Status 	: 200
[16-09-2022 21:23:36] PayPal\Core\PayPalHttpConnection : INFO: PATCH https://api.sandbox.paypal.com/v1/payments/billing-plans/P-7UR05319M67666826I7AZ77I
[16-09-2022 21:23:37] PayPal\Core\PayPalHttpConnection : INFO: Response Status 	: 200
[16-09-2022 21:23:37] PayPal\Core\PayPalHttpConnection : INFO: GET https://api.sandbox.paypal.com/v1/payments/billing-plans/P-7UR05319M67666826I7AZ77I
[16-09-2022 21:23:38] PayPal\Core\PayPalHttpConnection : INFO: Response Status 	: 200
[16-09-2022 21:23:38] PayPal\Core\PayPalHttpConnection : INFO: POST https://api.sandbox.paypal.com/v1/payments/billing-agreements/
[16-09-2022 21:23:40] PayPal\Core\PayPalHttpConnection : INFO: Response Status 	: 201
[16-09-2022 21:24:10] PayPal\Core\PayPalHttpConnection : INFO: POST https://api.sandbox.paypal.com/v1/oauth2/token
[16-09-2022 21:24:11] PayPal\Core\PayPalHttpConnection : INFO: Response Status 	: 200
[16-09-2022 21:24:11] PayPal\Core\PayPalHttpConnection : INFO: POST https://api.sandbox.paypal.com/v1/payments/billing-agreements/EC-3DS24570841443633/agreement-execute
[16-09-2022 21:24:12] PayPal\Core\PayPalHttpConnection : INFO: Response Status 	: 200
[16-09-2022 21:24:12] PayPal\Core\PayPalHttpConnection : INFO: GET https://api.sandbox.paypal.com/v1/payments/billing-agreements/I-6GGNUKSSUNVS
[16-09-2022 21:24:13] PayPal\Core\PayPalHttpConnection : INFO: Response Status 	: 200
